date,outlet,content,url
2023-04-08,New York Times,,https://www.nytimes.com/2023/04/08/world/middleeast/rockets-lebanon-hamas-hezbollah-israel.html
2023-06-14,New York Times,"Catch up on big news, and wind down to end your day. The biggest stories of our time, in 20 minutes a day. A guide to understanding the news, made for readers around the globe. The latest news for any part of the world you select. Backstories and analysis from our Canadian correspondents. The most crucial business and policy news you need to know. Our tech journalists help you make sense of the rapidly changing tech world. Reviews, news and features to help you find your next read. The podcast that takes you inside the literary world. Pop music news, new songs and albums, and artists of note. Unwind with stories about culture and the way we live. Essential news and guidance to live your healthiest life. The complicated love lives of real people. Mapping the new world order through interviews and conversations. You've heard the news, here's what to make of it. Discussions of ideas that matter, plus book recommendations. Conversations with the world’s most fascinating people. Your morning listen. Top stories, in 10 minutes. Your guide to the best New York Times shows this week. Be the first to know about our new shows. Word games, logic puzzles and crosswords, including an extensive archive.Go to Games Puzzles, brain teasers, solving tips and more. Get an easy version of one of the hardest crossword puzzles of the week. Recipes, advice and inspiration for everyday cooking, special occasions and more.Go to Cooking New recipes, easy dinner ideas and smart kitchen tips from Melissa Clark, Sam Sifton and our New York Times Cooking editors. Delicious vegetarian recipes and tips from Tanya Sichynsky. Dinner ideas for busy people from Emily Weinstein. Reviews and recommendations for thousands of products.Go to Wirecutter The best independent reviews, expert advice and intensively researched deals. Step-by-step advice on how to keep everything in your home squeaky clean. Personalized coverage of your sports teams and leagues.Go to The Athletic Delivering the top stories in sports, Sunday to Friday. In meeting with the Palestinian leader, Mahmoud Abbas, Xi Jinping is pushing Beijing as an alternative to the U.S. for diplomatic leadership. China’s top leader, Xi Jinping, met with the president of the Palestinian Authority, Mahmoud Abbas, in Beijing on Wednesday, as Mr. Xi pushes to expand China’s influence in the Middle East and cast his country as an alternative to the United States for leadership in global diplomacy. In the lead-up to Mr. Abbas’s four-day visit, which began on Tuesday, Chinese officials had repeatedly suggested that China could help pave the way for peace talks between Israel and the Palestinian Authority. The Chinese state media had also fiercely criticized the United States for failing to broker a settlement between the two. And on Wednesday, Mr. Xi put forward a three-part proposal for a two-state solution to the conflict, according to the state media. The plan appeared largely similar to apropositionthat Mr. Xi had put forward in 2013, which failed to achieve any breakthroughs. “Justice must be returned to Palestine as soon as possible,” Xinhua, the state news agency, reported Mr. Xi as saying. “China is willing to play a positive role in helping Palestine achieve internal reconciliation and promote peace talks.” Mr. Xi has been working to burnish his image as a force for global peace in recent months, especially as China has emerged from three years of isolation during the coronavirus pandemic and sought to reassert its position as a major power on the world stage. Mr. Xi has hosted a stream of world leaders this year, including from France, Brazil and Iran. Beijing has suggested that it could play a role inmediating an end to the war in Ukraine, though Western leaders have been skeptical of that claim. And in perhaps the biggest diplomatic victory for China, it facilitated secret talks between Saudi Arabia and Iran in March that led to the two countries’surprise diplomatic rapprochement— a role that analysts said could make Beijing amajor power player in the Middle Eastand challenge the United States’ longtime influence there. Subscribe to The Timesto read as many articles as you like. Vivian Wangis a China correspondent based in Beijing, where she writes about how the country's global rise and ambitions are shaping the daily lives of its people. To leave without signing in, use your browser's Back button. Enjoy unlimited access to all of The Times.",https://www.nytimes.com/2023/06/14/world/asia/china-mahmoud-abbas-xi-jinping.html
2023-09-07,New York Times,"Catch up on big news, and wind down to end your day. The biggest stories of our time, in 20 minutes a day. A guide to understanding the news, made for readers around the globe. The latest news for any part of the world you select. Backstories and analysis from our Canadian correspondents. The most crucial business and policy news you need to know. Our tech journalists help you make sense of the rapidly changing tech world. Reviews, news and features to help you find your next read. The podcast that takes you inside the literary world. Pop music news, new songs and albums, and artists of note. Unwind with stories about culture and the way we live. Essential news and guidance to live your healthiest life. The complicated love lives of real people. Mapping the new world order through interviews and conversations. You've heard the news, here's what to make of it. Discussions of ideas that matter, plus book recommendations. Conversations with the world’s most fascinating people. Your morning listen. Top stories, in 10 minutes. Your guide to the best New York Times shows this week. Be the first to know about our new shows. Word games, logic puzzles and crosswords, including an extensive archive.Go to Games Puzzles, brain teasers, solving tips and more. Get an easy version of one of the hardest crossword puzzles of the week. Recipes, advice and inspiration for everyday cooking, special occasions and more.Go to Cooking New recipes, easy dinner ideas and smart kitchen tips from Melissa Clark, Sam Sifton and our New York Times Cooking editors. Delicious vegetarian recipes and tips from Tanya Sichynsky. Dinner ideas for busy people from Emily Weinstein. Reviews and recommendations for thousands of products.Go to Wirecutter The best independent reviews, expert advice and intensively researched deals. Step-by-step advice on how to keep everything in your home squeaky clean. Personalized coverage of your sports teams and leagues.Go to The Athletic Delivering the top stories in sports, Sunday to Friday. Mahmoud Abbas, the president of the Palestinian Authority, said in August that European Jews were persecuted for what he said were their predatory lending practices, not their religion. Video has emerged of Mahmoud Abbas, the president of the Palestinian Authority, recently asserting that European Jews were persecuted by Hitler because ofwhat he said were their predatory lending practices, rather than their religion. Mr. Abbas’s false claim drew swift condemnation from Israeli and European officials. It also fueled accusations that Mr. Abbas — an architect of interim peace agreements between Israelis and Palestinians in the 1990s — is not genuinely committed to resolving the ongoing conflict. In aspeechlate last month, Mr. Abbas said: “They say that Hitler killed the Jews because they were Jews, and that Europe hated the Jews because they were Jews.” “No,” Mr. Abbas added. Jews were persecuted, he continued, because of “their social role, which had to do with usury, money, and so on.” Mr. Abbas also repeated a widely discredited theory that European, or Ashkenazi, Jews have no ancient roots in the Middle East. Instead, Mr. Abbas claimed that European Jews were the descendants of a nomadic Turkic tribe that converted to Judaism during the medieval period, and therefore were not victims of antisemitism. “When we hear them talk about Semitism and antisemitism — the Ashkenazi Jews, at least, are not Semites,” Mr. Abbas said. Subscribe to The Timesto read as many articles as you like. Patrick Kingsleyis the Jerusalem bureau chief, covering Israel and the occupied territories. He has reported from more than 40 countries, written two books and previously covered migration and the Middle East for The Guardian. To leave without signing in, use your browser's Back button. Enjoy unlimited access to all of The Times.",https://www.nytimes.com/2023/09/07/world/middleeast/mahmoud-abbas-video-antisemitic.html
2023-10-03,New York Times,"Catch up on big news, and wind down to end your day. The biggest stories of our time, in 20 minutes a day. A guide to understanding the news, made for readers around the globe. The latest news for any part of the world you select. Backstories and analysis from our Canadian correspondents. The most crucial business and policy news you need to know. Our tech journalists help you make sense of the rapidly changing tech world. Reviews, news and features to help you find your next read. The podcast that takes you inside the literary world. Pop music news, new songs and albums, and artists of note. Unwind with stories about culture and the way we live. Essential news and guidance to live your healthiest life. The complicated love lives of real people. Mapping the new world order through interviews and conversations. You've heard the news, here's what to make of it. Discussions of ideas that matter, plus book recommendations. Conversations with the world’s most fascinating people. Your morning listen. Top stories, in 10 minutes. Your guide to the best New York Times shows this week. Be the first to know about our new shows. Word games, logic puzzles and crosswords, including an extensive archive.Go to Games Puzzles, brain teasers, solving tips and more. Get an easy version of one of the hardest crossword puzzles of the week. Recipes, advice and inspiration for everyday cooking, special occasions and more.Go to Cooking New recipes, easy dinner ideas and smart kitchen tips from Melissa Clark, Sam Sifton and our New York Times Cooking editors. Delicious vegetarian recipes and tips from Tanya Sichynsky. Dinner ideas for busy people from Emily Weinstein. Reviews and recommendations for thousands of products.Go to Wirecutter The best independent reviews, expert advice and intensively researched deals. Step-by-step advice on how to keep everything in your home squeaky clean. Personalized coverage of your sports teams and leagues.Go to The Athletic Delivering the top stories in sports, Sunday to Friday. Palestinian herding communities are abandoning their villages, ceding huge swaths of land to nearby Israeli settlers. Settler activists say it’s the result of their new strategy in the West Bank. ByPatrick KingsleyHiba YazbekandGabby Sobelman Patrick Kingsley, Hiba Yazbek and Gabby Sobelman visited abandoned Palestinian villages and Israeli settlements across the central highlands of the Israeli-occupied West Bank to report this article. In the abandoned sheep pens of Al Baqa, a remote Palestinian hamlet in the West Bank, you can still smell the livestock. But the sheep themselves, as well as their shepherds, have vanished. The 54 Palestinian residents of the hamlet pulled down most of their huts and left with their animals en masse after a group of Israeli herders set up a rival farmstead a few dozen yards away in June. The Palestinians said the Israeli herders, who often carry guns, tried to intimidate them by wandering around the hamlet and sometimes through their homes at night. On the eerie, arid mountainside, only the Israelis remain. “Their job was to provoke us,” said Muhammad Mleihat, 59, one of the village leaders, who decamped to a valley five miles away. “They want to empty the area,” he added. Across remote parts of the West Bank, the mountainous territory occupied by Israel since the 1967 Arab-Israeli war, Palestinian herding communities are abandoning their homes at a rate that has no recorded precedent, according to the United Nations. Simultaneously, Israeli settlers are establishing wildcat herding outposts at close to record levels, often near Palestinian villages, according to land assessments by Kerem Navot, an independent Israeli watchdog that monitors settlement activity. The group says that at least 20 new outposts have been established since the beginning of the year, a handful of which were dismantled by the Israeli Army before being reassembled. The result has been the accelerated expansion of an Israeli civilian presence across large and strategic tracts of the territory — more than 140 square miles, according to Kerem Navot — and the simultaneous retreat of Palestinians from the same rural areas. Subscribe to The Timesto read as many articles as you like. Patrick Kingsleyis the Jerusalem bureau chief, covering Israel and the occupied territories. He has reported from more than 40 countries, written two books and previously covered migration and the Middle East for The Guardian. Hiba Yazbekreports for The Times from Jerusalem, covering Israel and the occupied West Bank. To leave without signing in, use your browser's Back button. Enjoy unlimited access to all of The Times.",https://www.nytimes.com/2023/10/03/world/middleeast/israeli-herders-west-bank.html
2023-12-21,New York Times,"Catch up on big news, and wind down to end your day. The biggest stories of our time, in 20 minutes a day. A guide to understanding the news, made for readers around the globe. The latest news for any part of the world you select. Backstories and analysis from our Canadian correspondents. The most crucial business and policy news you need to know. Our tech journalists help you make sense of the rapidly changing tech world. Reviews, news and features to help you find your next read. The podcast that takes you inside the literary world. Pop music news, new songs and albums, and artists of note. Unwind with stories about culture and the way we live. Essential news and guidance to live your healthiest life. The complicated love lives of real people. Mapping the new world order through interviews and conversations. You've heard the news, here's what to make of it. Discussions of ideas that matter, plus book recommendations. Conversations with the world’s most fascinating people. Your morning listen. Top stories, in 10 minutes. Your guide to the best New York Times shows this week. Be the first to know about our new shows. Word games, logic puzzles and crosswords, including an extensive archive.Go to Games Puzzles, brain teasers, solving tips and more. Get an easy version of one of the hardest crossword puzzles of the week. Recipes, advice and inspiration for everyday cooking, special occasions and more.Go to Cooking New recipes, easy dinner ideas and smart kitchen tips from Melissa Clark, Sam Sifton and our New York Times Cooking editors. Delicious vegetarian recipes and tips from Tanya Sichynsky. Dinner ideas for busy people from Emily Weinstein. Reviews and recommendations for thousands of products.Go to Wirecutter The best independent reviews, expert advice and intensively researched deals. Step-by-step advice on how to keep everything in your home squeaky clean. Personalized coverage of your sports teams and leagues.Go to The Athletic Delivering the top stories in sports, Sunday to Friday. ByRobin SteinHaley WillisIshaan JhaveriDanielle MillerAaron ByrdandNatalie Reneau During the first six weeks of the war in Gaza, Israel routinely used one of its biggest and most destructive bombs in areas it designated safe for civilians, according to an analysis of visual evidence by The New York Times. Thevideo investigationfocuses on the use of 2,000-pound bombs in an area of southern Gaza where Israel had ordered civilians to move for safety. While bombs of that size are used by several Western militaries, munitions experts say they are almost never dropped by U.S. forces in densely populated areas anymore. The Times programmed an artificial intelligence tool to scan satellite imagery of south Gaza for bomb craters. Times reporters manually reviewed the search results, looking for craters measuring roughly 40 feet across or larger. Munitions experts say typically only 2,000-pound bombs form craters of that size in Gaza’s light, sandy soil. Subscribe to The Timesto read as many articles as you like. Robin Steinis a reporter on theVisual Investigationsteam at The Times, which combines traditional reporting with advanced digital forensics. Haley Willisis a Times reporter with the Visual Investigations team, covering conflict, corruption and human rights. Natalie Reneauis a senior video editor for theVisual Investigationsteam. To leave without signing in, use your browser's Back button. Enjoy unlimited access to all of The Times.",https://www.nytimes.com/2023/12/21/world/middleeast/israel-gaza-bomb-investigation.html
2024-01-27,New York Times,"Catch up on big news, and wind down to end your day. The biggest stories of our time, in 20 minutes a day. A guide to understanding the news, made for readers around the globe. The latest news for any part of the world you select. Backstories and analysis from our Canadian correspondents. The most crucial business and policy news you need to know. Our tech journalists help you make sense of the rapidly changing tech world. Reviews, news and features to help you find your next read. The podcast that takes you inside the literary world. Pop music news, new songs and albums, and artists of note. Unwind with stories about culture and the way we live. Essential news and guidance to live your healthiest life. The complicated love lives of real people. Mapping the new world order through interviews and conversations. You've heard the news, here's what to make of it. Discussions of ideas that matter, plus book recommendations. Conversations with the world’s most fascinating people. Your morning listen. Top stories, in 10 minutes. Your guide to the best New York Times shows this week. Be the first to know about our new shows. Word games, logic puzzles and crosswords, including an extensive archive.Go to Games Puzzles, brain teasers, solving tips and more. Get an easy version of one of the hardest crossword puzzles of the week. Recipes, advice and inspiration for everyday cooking, special occasions and more.Go to Cooking New recipes, easy dinner ideas and smart kitchen tips from Melissa Clark, Sam Sifton and our New York Times Cooking editors. Delicious vegetarian recipes and tips from Tanya Sichynsky. Dinner ideas for busy people from Emily Weinstein. Reviews and recommendations for thousands of products.Go to Wirecutter The best independent reviews, expert advice and intensively researched deals. Step-by-step advice on how to keep everything in your home squeaky clean. Personalized coverage of your sports teams and leagues.Go to The Athletic Delivering the top stories in sports, Sunday to Friday. Top American, Israeli and Arab officials are seeking to forge three parallel but related deals that could end the war in Gaza, finalize its postwar status, and, most ambitiously, set commitments for the creation of a Palestinian state. To understand the secret negotiations, New York Times reporters spoke to more than a dozen diplomats and officials from seven nations and the Palestinian Authority. Top officials from at least 10 different administrations are trying to forge ahead-spinning set of dealsto end the Gaza war and answer the divisive question of how the territory will be governed after the fighting stops. The narrowest set of major discussions is focused on reaching a cease-fire between Israel and Hamas. This would involve the exchange of more than 100 Israeli hostages held by Hamas for a cease-fire and thousands of Palestinians detained in Israeli jails. A second track centers on reshaping the Palestinian Authority, the semiautonomous body that administers parts of the Israeli-occupied West Bank. American and Arab officials are discussing overhauling the leadership of the authority and having it take control of Gaza after the war ends, assuming power from Israel and Hamas. In a third track, American and Saudi officials are pushing Israel to agree to conditions for the creation of a Palestinian state in exchange for Saudi Arabia forging formal ties with Israel for the first time ever. The demands and outcomes discussed in all three processes are linked, and the talks are mostly seen as long shots. The war began with the Hamas terrorist attack of Oct. 7 that killed about 1,200 people, Israeli officials said. The Israeli counterattack has left more than 25,000 Palestinians dead in Gaza, say Health Ministry officials there. President Biden has given Israel full support for the war. Subscribe to The Timesto read as many articles as you like. Patrick Kingsleyis the Jerusalem bureau chief, covering Israel and the occupied territories. He has reported from more than 40 countries, written two books and previously covered migration and the Middle East for The Guardian. Edward Wongis a diplomatic correspondent who has reported for The Times for more than 24 years from New York, Baghdad, Beijing and Washington. He was on a team of Pulitzer Prize finalists for Iraq War coverage. To leave without signing in, use your browser's Back button. Enjoy unlimited access to all of The Times.",https://www.nytimes.com/2024/01/27/world/middleeast/gaza-war-israel-hamas-negotiations.html
2024-04-30,New York Times,"Catch up on big news, and wind down to end your day. The biggest stories of our time, in 20 minutes a day. A guide to understanding the news, made for readers around the globe. The latest news for any part of the world you select. Backstories and analysis from our Canadian correspondents. The most crucial business and policy news you need to know. Our tech journalists help you make sense of the rapidly changing tech world. Reviews, news and features to help you find your next read. The podcast that takes you inside the literary world. Pop music news, new songs and albums, and artists of note. Unwind with stories about culture and the way we live. Essential news and guidance to live your healthiest life. The complicated love lives of real people. Mapping the new world order through interviews and conversations. You've heard the news, here's what to make of it. Discussions of ideas that matter, plus book recommendations. Conversations with the world’s most fascinating people. Your morning listen. Top stories, in 10 minutes. Your guide to the best New York Times shows this week. Be the first to know about our new shows. Word games, logic puzzles and crosswords, including an extensive archive.Go to Games Puzzles, brain teasers, solving tips and more. Get an easy version of one of the hardest crossword puzzles of the week. Recipes, advice and inspiration for everyday cooking, special occasions and more.Go to Cooking New recipes, easy dinner ideas and smart kitchen tips from Melissa Clark, Sam Sifton and our New York Times Cooking editors. Delicious vegetarian recipes and tips from Tanya Sichynsky. Dinner ideas for busy people from Emily Weinstein. Reviews and recommendations for thousands of products.Go to Wirecutter The best independent reviews, expert advice and intensively researched deals. Step-by-step advice on how to keep everything in your home squeaky clean. Personalized coverage of your sports teams and leagues.Go to The Athletic Delivering the top stories in sports, Sunday to Friday. The student organization of the Democratic Party condemned colleges’ crackdowns on pro-Palestinian protests and called on President Biden to support a permanent cease-fire in Gaza. College Democrats of America, the student organization of the Democratic Party, endorsed pro-Palestinian campus protests on Tuesday and called on President Biden to support a permanent cease-fire in Gaza. Ina statementapproved by the organization’s executive board by a vote of 8 to 2, the College Democrats praised student protesters for having “the moral clarity to see this war for what it is: destructive, genocidal and unjust,” and condemned college administrators for suspending and calling in the police to arrest them. The statement came after two tumultuous weeks in which pro-Palestinian protests spread to campuses across the country in the wake of a police crackdown at Columbia University. Students who oppose Israel’s actions in Gaza since Hamas’s Oct. 7 attack have set up encampments and, in many cases, kept them going after participants were suspended or arrested. Overnight from Monday into Tuesday, protesters at Columbiatook over a building on campus. Protesters have escalated similarly at two other colleges, Portland State University andCalifornia State Polytechnic University, Humboldt. The statement denounced “MAGA Republicans and many other lawmakers for smearing all protesters as hateful.” It condemned rising incidents of antisemitism and Islamophobia, saying, “We find all calls for violence, such as those against Jewish and Muslim students, wrong; those spreading hate have no place in the movement for peace.” But it added, “Calling for the freedom of Palestinians is not antisemitic, and neither is opposing the genocidal acts of the far-right radical extremist Israeli government.” And it criticized Mr. Biden and many other elected Democrats for not uniting behind calls for an immediate, permanent cease-fire — accompanied by the release of all hostages taken by Hamas — and for a rapid push to reach a two-state solution that recognizes an independent Palestinian state. Subscribe to The Timesto read as many articles as you like. An earlier version of this article, using information from the College Democrats of America, misstated one of the university chapters whose members were consulted on the statement. The contact at Yale was a student activist not affiliated with the Yale College Democrats. We acknowledge mistakes in our reporting with corrections. If you spot an error, please let us know atcorrections@nytimes.com.Learn more. Maggie Astorcovers politics for The New York Times, focusing on breaking news, policies, campaigns and how underrepresented or marginalized groups are affected by political systems. To leave without signing in, use your browser's Back button. Enjoy unlimited access to all of The Times.",https://www.nytimes.com/2024/04/30/us/politics/biden-israel-college-protest.html
2024-05-01,New York Times,"Catch up on big news, and wind down to end your day. The biggest stories of our time, in 20 minutes a day. A guide to understanding the news, made for readers around the globe. The latest news for any part of the world you select. Backstories and analysis from our Canadian correspondents. The most crucial business and policy news you need to know. Our tech journalists help you make sense of the rapidly changing tech world. Reviews, news and features to help you find your next read. The podcast that takes you inside the literary world. Pop music news, new songs and albums, and artists of note. Unwind with stories about culture and the way we live. Essential news and guidance to live your healthiest life. The complicated love lives of real people. Mapping the new world order through interviews and conversations. You've heard the news, here's what to make of it. Discussions of ideas that matter, plus book recommendations. Conversations with the world’s most fascinating people. Your morning listen. Top stories, in 10 minutes. Your guide to the best New York Times shows this week. Be the first to know about our new shows. Word games, logic puzzles and crosswords, including an extensive archive.Go to Games Puzzles, brain teasers, solving tips and more. Get an easy version of one of the hardest crossword puzzles of the week. Recipes, advice and inspiration for everyday cooking, special occasions and more.Go to Cooking New recipes, easy dinner ideas and smart kitchen tips from Melissa Clark, Sam Sifton and our New York Times Cooking editors. Delicious vegetarian recipes and tips from Tanya Sichynsky. Dinner ideas for busy people from Emily Weinstein. Reviews and recommendations for thousands of products.Go to Wirecutter The best independent reviews, expert advice and intensively researched deals. Step-by-step advice on how to keep everything in your home squeaky clean. Personalized coverage of your sports teams and leagues.Go to The Athletic Delivering the top stories in sports, Sunday to Friday. Student protesters: I admire your empathy for Gazans, your concern for the world, your moral ambition to make a difference. But I worry about how peaceful protests have tipped into occupations of buildings, risks to commencements and what I see as undue tolerance of antisemitism, chaos, vandalism and extremism. I’m afraid the more aggressive actions may be hurting the Gazans you are trying to help. I’m shaped in my thinking by the Vietnam War protests of the 1960s. Students who protested then were right on the merits: The war was unwinnable and conducted in ways that were reckless and immoral. Yet those students didn’t shorten that terrible war; instead, they probably prolonged it. Leftist activists in 1968 didn’t achieve their goal of electing the peace candidate Gene McCarthy; rather, the turmoil and more violent protests helped elect Richard Nixon, who pledged to restore order — and then dragged the war out and expanded it to Cambodia. I think that history is worth remembering today. Good intentions are not enough. Empathy is not enough. I’m sure we all agree that it’s outcomes that matter. So the question I would ask you to ask yourselves is: Are your encampments and sacrifices — more than 1,000 protesters have been arrested so far, and unknown numbers have been suspended or expelled — actually helping Gazans? I’ve been strongly criticizing Israel’s conduct in Gaza since last fall, and President Biden’s unconditional support for the war. So while my heart’s with the cause, it seems to me that the campus upheavals have distracted from the crisis in Gaza, rather than called attention to it. Subscribe to The Timesto read as many articles as you like. Nicholas Kristof became a columnist for The Times Opinion desk in 2001 and has won two Pulitzer Prizes. His new memoir is “Chasing Hope: A Reporter's Life.”@NickKristof To leave without signing in, use your browser's Back button. Enjoy unlimited access to all of The Times.",https://www.nytimes.com/2024/05/01/opinion/student-protests-gaza.html
2024-04-30,New York Times,"Catch up on big news, and wind down to end your day. The biggest stories of our time, in 20 minutes a day. A guide to understanding the news, made for readers around the globe. The latest news for any part of the world you select. Backstories and analysis from our Canadian correspondents. The most crucial business and policy news you need to know. Our tech journalists help you make sense of the rapidly changing tech world. Reviews, news and features to help you find your next read. The podcast that takes you inside the literary world. Pop music news, new songs and albums, and artists of note. Unwind with stories about culture and the way we live. Essential news and guidance to live your healthiest life. The complicated love lives of real people. Mapping the new world order through interviews and conversations. You've heard the news, here's what to make of it. Discussions of ideas that matter, plus book recommendations. Conversations with the world’s most fascinating people. Your morning listen. Top stories, in 10 minutes. Your guide to the best New York Times shows this week. Be the first to know about our new shows. Word games, logic puzzles and crosswords, including an extensive archive.Go to Games Puzzles, brain teasers, solving tips and more. Get an easy version of one of the hardest crossword puzzles of the week. Recipes, advice and inspiration for everyday cooking, special occasions and more.Go to Cooking New recipes, easy dinner ideas and smart kitchen tips from Melissa Clark, Sam Sifton and our New York Times Cooking editors. Delicious vegetarian recipes and tips from Tanya Sichynsky. Dinner ideas for busy people from Emily Weinstein. Reviews and recommendations for thousands of products.Go to Wirecutter The best independent reviews, expert advice and intensively researched deals. Step-by-step advice on how to keep everything in your home squeaky clean. Personalized coverage of your sports teams and leagues.Go to The Athletic Delivering the top stories in sports, Sunday to Friday. Republican leaders said they would hold additional hearings with top university administrators and potentially withhold millions of federal dollars from universities that fail to keep Jewish students safe. House Speaker Mike Johnson and top Republican leaders on Tuesday said they were stepping up their efforts to combat antisemitism on college campuses, including by holding additional hearings with top university administrators and potentially withholding millions of federal dollars from universities that fail to keep Jewish studentssafe. “The federal government plays a critical role in higher education, and we will use all the tools available to us to address this scourge,” said Mr. Johnson, who last week visited Columbia University and said he would support the National Guard being deployed there if pro-Palestinian protests, which he said had grown violent and antisemitic, continued. A news conference called to discuss what was billed as a “House-wide crackdown on the virus of antisemitism spreading throughout college campuses” was the latest example of Republicans finding fresh ways to publicly condemn the unrest that has erupted on campuses across the country over Israel’s war in Gaza, and to exploit the divisions the conflict has exposed among Democrats. Subscribe to The Timesto read as many articles as you like. An earlier version of this article misidentified the state of Representative Tom Emmer. He is of Minnesota, not Michigan. An earlier version of this article misidentified the state of Representative Frank Lucas. He is of Oklahoma, not Ohio. We acknowledge mistakes in our reporting with corrections. If you spot an error, please let us know atcorrections@nytimes.com.Learn more. Annie Karniis a congressional correspondent for The Times. She writes features and profiles, with a recent focus on House Republican leadership. To leave without signing in, use your browser's Back button. Enjoy unlimited access to all of The Times.",https://www.nytimes.com/2024/04/30/nyregion/antisemitism-republicans-johnson-college-protests.html
2024-05-01,New York Times,"Catch up on big news, and wind down to end your day. The biggest stories of our time, in 20 minutes a day. A guide to understanding the news, made for readers around the globe. The latest news for any part of the world you select. Backstories and analysis from our Canadian correspondents. The most crucial business and policy news you need to know. Our tech journalists help you make sense of the rapidly changing tech world. Reviews, news and features to help you find your next read. The podcast that takes you inside the literary world. Pop music news, new songs and albums, and artists of note. Unwind with stories about culture and the way we live. Essential news and guidance to live your healthiest life. The complicated love lives of real people. Mapping the new world order through interviews and conversations. You've heard the news, here's what to make of it. Discussions of ideas that matter, plus book recommendations. Conversations with the world’s most fascinating people. Your morning listen. Top stories, in 10 minutes. Your guide to the best New York Times shows this week. Be the first to know about our new shows. Word games, logic puzzles and crosswords, including an extensive archive.Go to Games Puzzles, brain teasers, solving tips and more. Get an easy version of one of the hardest crossword puzzles of the week. Recipes, advice and inspiration for everyday cooking, special occasions and more.Go to Cooking New recipes, easy dinner ideas and smart kitchen tips from Melissa Clark, Sam Sifton and our New York Times Cooking editors. Delicious vegetarian recipes and tips from Tanya Sichynsky. Dinner ideas for busy people from Emily Weinstein. Reviews and recommendations for thousands of products.Go to Wirecutter The best independent reviews, expert advice and intensively researched deals. Step-by-step advice on how to keep everything in your home squeaky clean. Personalized coverage of your sports teams and leagues.Go to The Athletic Delivering the top stories in sports, Sunday to Friday. Columbia’s president expressed regret about calling in the police to clear a previous protest. On Tuesday, she said she had “no choice” after protesters occupied a building on campus. Exactly56 years to the dayafter the 1968 student occupation at Columbia University was violently cleared by the New York Police Department, hundreds of police officers moved into the Manhattan campus on Tuesday night to quell a different kind of antiwar protest. A total of 109 people were arrested as police officers entered Columbia’s main campus, which was on lockdown, and cleared Hamilton Hall of a group of pro-Palestinian demonstrators who had broken in and occupied it the night before. By Leanne Abraham, Bora Erden and Lazaro Gamio It was a dizzying and, to many students and faculty, disturbing 24 hours on campus. Last time, students were protesting the Vietnam War and Columbia’s plans to expand its campus into Harlem. This time, students were protesting the Israeli offensive in Gaza that has killed about 34,000 people, according to health officials there, and trying to force the university to divest from companies with ties to Israel. On Monday, the protest endedmore peaceably than the one in 1968. But the students’ tactics were the same: By escalating their protest to the point where the university was unable to function, students forced the hand of administrators, who brought in the police to arrest them. Both times, the students had occupied Hamilton Hall. Mayor Eric Adams, speaking Wednesday morning after the police operation, said that police officers had moved in at Columbia’s request to stop a protest whose tactics had become unacceptable and where, instigated by some “outside agitators,” anti-Israel attitudes and antisemitism had become prevalent. Subscribe to The Timesto read as many articles as you like. Sharon Ottermanis a Times reporter covering higher education, public health and other issues facing New York City. To leave without signing in, use your browser's Back button. Enjoy unlimited access to all of The Times.",https://www.nytimes.com/2024/05/01/nyregion/columbia-university-protests-arrests.html
2024-09-07,New York Times,"Catch up on big news, and wind down to end your day. The biggest stories of our time, in 20 minutes a day. A guide to understanding the news, made for readers around the globe. The latest news for any part of the world you select. Backstories and analysis from our Canadian correspondents. The most crucial business and policy news you need to know. Our tech journalists help you make sense of the rapidly changing tech world. Reviews, news and features to help you find your next read. The podcast that takes you inside the literary world. Pop music news, new songs and albums, and artists of note. Unwind with stories about culture and the way we live. Essential news and guidance to live your healthiest life. The complicated love lives of real people. Mapping the new world order through interviews and conversations. You've heard the news, here's what to make of it. Discussions of ideas that matter, plus book recommendations. Conversations with the world’s most fascinating people. Your morning listen. Top stories, in 10 minutes. Your guide to the best New York Times shows this week. Be the first to know about our new shows. Word games, logic puzzles and crosswords, including an extensive archive.Go to Games Puzzles, brain teasers, solving tips and more. Get an easy version of one of the hardest crossword puzzles of the week. Recipes, advice and inspiration for everyday cooking, special occasions and more.Go to Cooking New recipes, easy dinner ideas and smart kitchen tips from Melissa Clark, Sam Sifton and our New York Times Cooking editors. Delicious vegetarian recipes and tips from Tanya Sichynsky. Dinner ideas for busy people from Emily Weinstein. Reviews and recommendations for thousands of products.Go to Wirecutter The best independent reviews, expert advice and intensively researched deals. Step-by-step advice on how to keep everything in your home squeaky clean. Personalized coverage of your sports teams and leagues.Go to The Athletic Delivering the top stories in sports, Sunday to Friday. With witnesses and Palestinian officials accusing Israeli soldiers of firing the fatal shots, “an Israeli investigation is not adequate,” the family said in a statement. The family of an American woman killed at a protest in the occupied West Bank demanded an independent investigation on Saturday, saying that Israel could not investigate her death impartially because witnesses and Palestinian officials accused Israeli soldiers of killing her. The woman, Aysenur Ezgi Eygi, 26, was shot in the head in Beita, a village in the West Bank, during a protest against an Israeli settler outpost on Friday.In a statement, her family said “given the circumstances of Aysenur’s killing, an Israeli investigation is not adequate.” “We call on President Biden, Vice President Harris, and Secretary of State Blinken to order an independent investigation into the unlawful killing of a U.S. citizen and to ensure full accountability for the guilty parties,” said the statement, which was posted to Instagram by a friend, Juliette Majid. Ms. Eygi’s death carried overtones of a prominent incident in 2003, when a 23-year-old activist named Rachel Corrie wascrushed by an Israeli armored bulldozerduring a protest in the Gaza Strip. Like Ms. Eygi, Ms. Corrie was a resident of Washington State, and both were associated with the International Solidarity Movement, a nonviolent group resisting the Israeli occupation. Ms. Eygi’s family described her as “a fiercely passionate human rights activist” who “felt a deep responsibility to serve others and lived a life of caring for those in need with action.” Subscribe to The Timesto read as many articles as you like. Liam Stackis a Times reporter who covers the culture and politics of the New York City region. Ephrat Livniis a reporter for The Times’sDealBooknewsletter, based in Washington. To leave without signing in, use your browser's Back button. Enjoy unlimited access to all of The Times.",https://www.nytimes.com/2024/09/07/world/middleeast/american-slain-west-bank-eygi.html
2024-09-19,New York Times,"Catch up on big news, and wind down to end your day. The biggest stories of our time, in 20 minutes a day. A guide to understanding the news, made for readers around the globe. The latest news for any part of the world you select. Backstories and analysis from our Canadian correspondents. The most crucial business and policy news you need to know. Our tech journalists help you make sense of the rapidly changing tech world. Reviews, news and features to help you find your next read. The podcast that takes you inside the literary world. Pop music news, new songs and albums, and artists of note. Unwind with stories about culture and the way we live. Essential news and guidance to live your healthiest life. The complicated love lives of real people. Mapping the new world order through interviews and conversations. You've heard the news, here's what to make of it. Discussions of ideas that matter, plus book recommendations. Conversations with the world’s most fascinating people. Your morning listen. Top stories, in 10 minutes. Your guide to the best New York Times shows this week. Be the first to know about our new shows. Word games, logic puzzles and crosswords, including an extensive archive.Go to Games Puzzles, brain teasers, solving tips and more. Get an easy version of one of the hardest crossword puzzles of the week. Recipes, advice and inspiration for everyday cooking, special occasions and more.Go to Cooking New recipes, easy dinner ideas and smart kitchen tips from Melissa Clark, Sam Sifton and our New York Times Cooking editors. Delicious vegetarian recipes and tips from Tanya Sichynsky. Dinner ideas for busy people from Emily Weinstein. Reviews and recommendations for thousands of products.Go to Wirecutter The best independent reviews, expert advice and intensively researched deals. Step-by-step advice on how to keep everything in your home squeaky clean. Personalized coverage of your sports teams and leagues.Go to The Athletic Delivering the top stories in sports, Sunday to Friday. His comments reflect an apparent toughening of his views on an issue that could reshape the diplomatic map of the Middle East. Crown Prince Mohammed bin Salman of Saudi Arabia has declared that the kingdom will notestablish diplomatic relations with Israelbefore the “establishment of a Palestinian state,” an apparent hardening of his position on an issue that could reshape the diplomatic map of the Middle East. “The kingdom will not cease its tireless efforts to establish an independent Palestinian state with East Jerusalem as its capital, and we affirm that the kingdom will not establish diplomatic relations with Israel without one,” the crown prince and the kingdom’s de facto ruler said on Wednesday in an address to a senior advisory council. “We thank all the countries that recognized the Palestinian state as an embodiment of international legitimacy, and we urge other countries to take similar steps.” For decades, the leaders of Saudi Arabia, like those of most other Arab countries, refused to recognize Israel without the creation of a state for the Palestinians. But after 2020, when four Arab statesestablished formal ties with Israelin agreements brokered by then-President Donald J. Trump, Prince Mohammed became the first Saudi leader to talk openly about the possibility of Saudi Arabia doing the same. In an interview with Fox News last September, he called a potential agreement “the biggest historical deal since the end of the Cold War” and said it would require “a good life for the Palestinians” but did not mention Palestinian statehood. His statement on Wednesday followed a general hardening of official Saudi rhetoric toward Israel since the start of the Gaza war in October. “We renew the kingdom’s rejection and strong condemnation of the crimes of the Israeli occupation authority against the Palestinian people,” Prince Mohammed said, delivering remarks on behalf of his father. Subscribe to The Timesto read as many articles as you like. Ismaeel Naaris an international reporter for The Times, covering the Gulf states. He is based in Dubai, United Arab Emirates. Adam Rasgonis a reporter for The Times in Jerusalem, covering Israeli and Palestinian affairs. To leave without signing in, use your browser's Back button. Enjoy unlimited access to all of The Times.",https://www.nytimes.com/2024/09/19/world/middleeast/saudi-israel-relations.html
2024-10-20,New York Times,"Catch up on big news, and wind down to end your day. The biggest stories of our time, in 20 minutes a day. A guide to understanding the news, made for readers around the globe. The latest news for any part of the world you select. Backstories and analysis from our Canadian correspondents. The most crucial business and policy news you need to know. Our tech journalists help you make sense of the rapidly changing tech world. Reviews, news and features to help you find your next read. The podcast that takes you inside the literary world. Pop music news, new songs and albums, and artists of note. Unwind with stories about culture and the way we live. Essential news and guidance to live your healthiest life. The complicated love lives of real people. Mapping the new world order through interviews and conversations. You've heard the news, here's what to make of it. Discussions of ideas that matter, plus book recommendations. Conversations with the world’s most fascinating people. Your morning listen. Top stories, in 10 minutes. Your guide to the best New York Times shows this week. Be the first to know about our new shows. Word games, logic puzzles and crosswords, including an extensive archive.Go to Games Puzzles, brain teasers, solving tips and more. Get an easy version of one of the hardest crossword puzzles of the week. Recipes, advice and inspiration for everyday cooking, special occasions and more.Go to Cooking New recipes, easy dinner ideas and smart kitchen tips from Melissa Clark, Sam Sifton and our New York Times Cooking editors. Delicious vegetarian recipes and tips from Tanya Sichynsky. Dinner ideas for busy people from Emily Weinstein. Reviews and recommendations for thousands of products.Go to Wirecutter The best independent reviews, expert advice and intensively researched deals. Step-by-step advice on how to keep everything in your home squeaky clean. Personalized coverage of your sports teams and leagues.Go to The Athletic Delivering the top stories in sports, Sunday to Friday. Mr. Chemerinsky is the dean of the Berkeley School of Law at the University of California and the author of the book “No Democracy Lasts Forever: How the Constitution Threatens the United States.” Although college campuses are much quieter this fall than they were last spring, some of the anti-Israel language at some schools is frightening in its celebration of Hamas’s violence. What feels different is the repeated glorification of the Hamas massacre of more than 1,200 people last year on Oct. 7 in a surprise attack. About 1,000 people attended a rally on Oct. 8 commemorating the first anniversary of the Hamas attack at the University of California, Berkeley, where I am the dean of the law school. About half appeared to be students. Many of the protest signs were explicit in their endorsement of the violence on that day a year ago: “Israel deserves 10,000 October 7ths,” one said. “Long live Al-Aqsa Flood,” another said, using the Hamas name for the attack. At the clock tower at the center of the Berkeley campus, a large banner was hung proclaiming “Glory to the resistance.” It displayed a red triangle used by Hamas to mark Israeli targets. Across the country at Columbia University, the group Apartheid Divest postedan essaycalling the Hamas attack a “moral, military and political victory.” The group alsorescindedits criticism from last spring ofKhymani James, a student who had said in a disciplinary hearing that “Zionists don’t deserve to live” and “Be grateful that I’m not just going out and murdering Zionists.” Indeed, in its statement, the group declared, “We support liberation by any means necessary, including armed resistance.” It also said, “Where you’ve exhausted all peaceful means of resolution, violence is the only path forward.” In Rhode Island, the Brown University chapter of Students for Justice in Palestinepostedthis on Instagram: “Al-Aqsa Flood was a historic act of resistance against decades of occupation, apartheid, and settler colonial violence.” Subscribe to The Timesto read as many articles as you like. To leave without signing in, use your browser's Back button. Enjoy unlimited access to all of The Times.",https://www.nytimes.com/2024/10/20/opinion/hamas-colleges-free-speech.html
2024-11-07,New York Times,"Catch up on big news, and wind down to end your day. The biggest stories of our time, in 20 minutes a day. A guide to understanding the news, made for readers around the globe. The latest news for any part of the world you select. Backstories and analysis from our Canadian correspondents. The most crucial business and policy news you need to know. Our tech journalists help you make sense of the rapidly changing tech world. Reviews, news and features to help you find your next read. The podcast that takes you inside the literary world. Pop music news, new songs and albums, and artists of note. Unwind with stories about culture and the way we live. Essential news and guidance to live your healthiest life. The complicated love lives of real people. Mapping the new world order through interviews and conversations. You've heard the news, here's what to make of it. Discussions of ideas that matter, plus book recommendations. Conversations with the world’s most fascinating people. Your morning listen. Top stories, in 10 minutes. Your guide to the best New York Times shows this week. Be the first to know about our new shows. Word games, logic puzzles and crosswords, including an extensive archive.Go to Games Puzzles, brain teasers, solving tips and more. Get an easy version of one of the hardest crossword puzzles of the week. Recipes, advice and inspiration for everyday cooking, special occasions and more.Go to Cooking New recipes, easy dinner ideas and smart kitchen tips from Melissa Clark, Sam Sifton and our New York Times Cooking editors. Delicious vegetarian recipes and tips from Tanya Sichynsky. Dinner ideas for busy people from Emily Weinstein. Reviews and recommendations for thousands of products.Go to Wirecutter The best independent reviews, expert advice and intensively researched deals. Step-by-step advice on how to keep everything in your home squeaky clean. Personalized coverage of your sports teams and leagues.Go to The Athletic Delivering the top stories in sports, Sunday to Friday. Mr. Beinart is a contributing Opinion writer at The Times. His book “Being Jewish After the Destruction of Gaza” is forthcoming. During the presidential campaign, journalists trying to assess the electoral impact of Israel's war in Gaza often focused on Arab and Muslim voters, particularly in Michigan. That’s understandable. In the heavily Arab American city of Dearborn, Mich., whichsupportedJoe Biden in 2020, results show that Donald TrumpbeatKamala Harris by about six percentage points. But viewing Gaza’s political repercussions merely through the lens of identity misses something fundamental. Over the past year, Israel’s slaughter and starvation of Palestinians — funded by U.S. taxpayers and live-streamed on social media — has triggered one of the greatest surges in progressive activism in a generation. Many Americans roused to action by their government’s complicity in Gaza’s destruction have no personal connection to Palestine or Israel. Like many Americans who protested South African apartheid or the Vietnam War, their motive is not ethnic or religious. It is moral. The outrage has been particularly intense amongBlack Americansand the young. This spring, encampments expressing solidarity with the Palestinian people rose onmore than 100 college campuses. In February, the Council of Bishops of the African Methodist Episcopal Church, one of the nation’s most prominent Black congregations,calledthe war in Gaza a “mass genocide” and demanded that the Biden-Harris administration stop funding it. In June, the NAACPurgedan end to weapons shipments as well. AJune CBS News pollfound that while most voters over the age of 65 supported arms sales to Israel, voters under the age of 30 opposed them by a ratio of more than three to one. And while only 56 percent of white voters favored cutting off weapons, among Black voters the figure was 75 percent. Those pre-election polling numbers may explain some of what we saw Tuesday night. Kamala Harris is far more youthful than Joe Biden. Yet, early exit polls — fromCNN,The Washington Post,Fox News and The Associated Press— suggest she suffered a sharp decline among voters under the age of 29 compared with Mr. Biden’s result in 2020. Ms. Harris is Black, yet according to CNN and The Washington Post, she didslightlyworsethan Mr. Biden among Black voters. Oneexit poll, from Fox News and The Associated Press, suggests she did significantly worse. Surely, many young and Black voters were dissatisfied with the economy. Some may have been attracted to Mr. Trump’s message on immigration. Others may have been reluctant to vote for a woman. But these broader dynamics do not fully explain Ms. Harris’s underperformance, because she appears to have lost far less ground among voters who are older and white. Her share of white voters equaled Mr. Biden’s. Among voters over age 65, she actually gained ground. Subscribe to The Timesto read as many articles as you like. To leave without signing in, use your browser's Back button. Enjoy unlimited access to all of The Times.",https://www.nytimes.com/2024/11/07/opinion/democrats-israel-gaza-war.html
2024-11-25,New York Times,"Catch up on big news, and wind down to end your day. The biggest stories of our time, in 20 minutes a day. A guide to understanding the news, made for readers around the globe. The latest news for any part of the world you select. Backstories and analysis from our Canadian correspondents. The most crucial business and policy news you need to know. Our tech journalists help you make sense of the rapidly changing tech world. Reviews, news and features to help you find your next read. The podcast that takes you inside the literary world. Pop music news, new songs and albums, and artists of note. Unwind with stories about culture and the way we live. Essential news and guidance to live your healthiest life. The complicated love lives of real people. Mapping the new world order through interviews and conversations. You've heard the news, here's what to make of it. Discussions of ideas that matter, plus book recommendations. Conversations with the world’s most fascinating people. Your morning listen. Top stories, in 10 minutes. Your guide to the best New York Times shows this week. Be the first to know about our new shows. Word games, logic puzzles and crosswords, including an extensive archive.Go to Games Puzzles, brain teasers, solving tips and more. Get an easy version of one of the hardest crossword puzzles of the week. Recipes, advice and inspiration for everyday cooking, special occasions and more.Go to Cooking New recipes, easy dinner ideas and smart kitchen tips from Melissa Clark, Sam Sifton and our New York Times Cooking editors. Delicious vegetarian recipes and tips from Tanya Sichynsky. Dinner ideas for busy people from Emily Weinstein. Reviews and recommendations for thousands of products.Go to Wirecutter The best independent reviews, expert advice and intensively researched deals. Step-by-step advice on how to keep everything in your home squeaky clean. Personalized coverage of your sports teams and leagues.Go to The Athletic Delivering the top stories in sports, Sunday to Friday. A speech by the artist at an exhibition of her work was followed by protests from her supporters and an uproar in the news media. The artist and activist Nan Goldin makes no secret of her views about Israel and the wars in Gaza and Lebanon. She has signed high-profile protest letters calling Israel’sactions in Gaza “a genocide.”She has marched with pro-Palestinian protesters and wasarrested at a demonstrationin New York. Ina magazine interviewlast year, she said she had “been on a cultural boycott of Israel for my whole life.” Soa major exhibitionof Goldin’s photo slide shows and films that opened over the weekend at the Neue Nationalgalerie in Berlin seemed like a high-profile anomaly in Germany, where lawmakers have said that support for boycotting Israel is antisemitic, and where artists who have taken positions like Goldin’s have had museum shows canceled, prizes suspended and talks shut down. But none of those artists were as famous or influential as Goldin, who has been an art-world star for decades. “If an artist in my position is allowed to express their political stance without being canceled,” she said in aspeech at the show’s public opening, “I hope I will be paving a path for other artists to speak out without being censored.” Goldin, who is Jewish and American, accused Germans of conflating criticism of Israel with antisemitism and looking away from the horrors unfolding in Gaza, which she repeatedly described as a genocide. Subscribe to The Timesto read as many articles as you like. Alex Marshallis a Times reporter covering European culture. He is based in London. To leave without signing in, use your browser's Back button. Enjoy unlimited access to all of The Times.",https://www.nytimes.com/2024/11/25/arts/design/nan-goldin-germany-gaza.html
2025-04-15,New York Times,"Catch up on big news, and wind down to end your day. The biggest stories of our time, in 20 minutes a day. A guide to understanding the news, made for readers around the globe. The latest news for any part of the world you select. Backstories and analysis from our Canadian correspondents. The most crucial business and policy news you need to know. Our tech journalists help you make sense of the rapidly changing tech world. Reviews, news and features to help you find your next read. The podcast that takes you inside the literary world. Pop music news, new songs and albums, and artists of note. Unwind with stories about culture and the way we live. Essential news and guidance to live your healthiest life. The complicated love lives of real people. Mapping the new world order through interviews and conversations. You've heard the news, here's what to make of it. Discussions of ideas that matter, plus book recommendations. Conversations with the world’s most fascinating people. Your morning listen. Top stories, in 10 minutes. Your guide to the best New York Times shows this week. Be the first to know about our new shows. Word games, logic puzzles and crosswords, including an extensive archive.Go to Games Puzzles, brain teasers, solving tips and more. Get an easy version of one of the hardest crossword puzzles of the week. Recipes, advice and inspiration for everyday cooking, special occasions and more.Go to Cooking New recipes, easy dinner ideas and smart kitchen tips from Melissa Clark, Sam Sifton and our New York Times Cooking editors. Delicious vegetarian recipes and tips from Tanya Sichynsky. Dinner ideas for busy people from Emily Weinstein. Reviews and recommendations for thousands of products.Go to Wirecutter The best independent reviews, expert advice and intensively researched deals. Step-by-step advice on how to keep everything in your home squeaky clean. Personalized coverage of your sports teams and leagues.Go to The Athletic Delivering the top stories in sports, Sunday to Friday. The New York Times obtained autopsy reports for 14 of the 15 people killed in a March 23 attack on an ambulance and fire truck. ByVivian YeeBilal ShbairandChristoph Koettl Vivian Yee reported from Cairo, and Bilal Shbair from Deir al-Balah, Gaza. The paramedics and rescue workers killed in anIsraelishooting in Gaza last month died mainly from gunshots to the head or chest, while others had shrapnel injuries or other wounds, according to autopsy reports obtained by The New York Times. Israeli troops had fired on ambulances and a fire truck sent by the Palestine Red Crescent Society and the Civil Defense, according towitness accounts, video and audio of the March 23 attack. Israelacknowledgedcarrying out the attack, which killed 15 men: 14 rescue workers and a United Nations employee who drove by after the others were shot. Israeli soldiers buried most of the bodies in a mass grave, crushed the ambulances, fire truck and a U.N. vehicle, and buried those as well. The Israeli military has offeredshifting explanationsfor why its troops fired on the emergency vehicles and said, without providing evidence, that some of the dead men had been Hamas operatives. Israel’s military said it was investigating the killing. The episode drew international condemnation, and experts described it as a war crime. The autopsies were carried out between April 1 and April 5, according to the reports, after a team of aid workersrecovered the men’s bodiesfrom southern Gaza. The Times reviewed autopsy results for all the men except the U.N. employee. They were performed by Dr. Ahmad Dhair, the head of the Gazan health ministry’s forensic medicine unit. Dr. Arne Stray-Pedersen, a forensic pathologist at Oslo University Hospital in Norway, who had been in Gaza earlier in March to train doctors in forensic medicine, reviewed photos of the autopsies and consulted with Dr. Dhair to write a summary report. Subscribe to The Timesto read as many articles as you like. Vivian Yeeis a Times reporter covering North Africa and the broader Middle East. She is based in Cairo. Christoph Koettlis a Times reporter on theVisual Investigations team. To leave without signing in, use your browser's Back button. Enjoy unlimited access to all of The Times.",https://www.nytimes.com/2025/04/15/world/middleeast/gaza-medics-autopsies-israel.html
2025-04-25,New York Times,"Catch up on big news, and wind down to end your day. The biggest stories of our time, in 20 minutes a day. A guide to understanding the news, made for readers around the globe. The latest news for any part of the world you select. Backstories and analysis from our Canadian correspondents. The most crucial business and policy news you need to know. Our tech journalists help you make sense of the rapidly changing tech world. Reviews, news and features to help you find your next read. The podcast that takes you inside the literary world. Pop music news, new songs and albums, and artists of note. Unwind with stories about culture and the way we live. Essential news and guidance to live your healthiest life. The complicated love lives of real people. Mapping the new world order through interviews and conversations. You've heard the news, here's what to make of it. Discussions of ideas that matter, plus book recommendations. Conversations with the world’s most fascinating people. Your morning listen. Top stories, in 10 minutes. Your guide to the best New York Times shows this week. Be the first to know about our new shows. Word games, logic puzzles and crosswords, including an extensive archive.Go to Games Puzzles, brain teasers, solving tips and more. Get an easy version of one of the hardest crossword puzzles of the week. Recipes, advice and inspiration for everyday cooking, special occasions and more.Go to Cooking New recipes, easy dinner ideas and smart kitchen tips from Melissa Clark, Sam Sifton and our New York Times Cooking editors. Delicious vegetarian recipes and tips from Tanya Sichynsky. Dinner ideas for busy people from Emily Weinstein. Reviews and recommendations for thousands of products.Go to Wirecutter The best independent reviews, expert advice and intensively researched deals. Step-by-step advice on how to keep everything in your home squeaky clean. Personalized coverage of your sports teams and leagues.Go to The Athletic Delivering the top stories in sports, Sunday to Friday. Immigration officials signaled that the Trump administration would continue to pursue efforts to terminate the legal status of the students, despite a wave of legal challenges. The Trump administration on Friday abruptly moved to restore thousands of international students’ ability to study in the United States legally, but immigration officials insisted they could still try to terminate that legal status despite a wave of legal challenges. The decision, revealed during a court hearing in Washington, was a dramatic shift by Immigration and Customs Enforcement, even as the administration characterized it as only a temporary reprieve. The back and forth only contributed to the anxiety and confusion facing international students as the administration has moved tocancel more than 1,500 student visasin recent weeks. On Friday morning, Joseph F. Carilli, a Justice Department lawyer, told a federal judge in Washington that immigration officials had begun work on a new system for reviewing and terminating the records of international students and academics studying in the United States. Until the process was complete, he said, student records that had been purged from a federal database in recent weeks would be restored, along with their legal status. A senior Department of Homeland Security official, who spoke on the condition of anonymity, said the students whose legal status was restored on Friday could still very well have it terminated in the future, along with their visas. The changes on Friday came amid a wave of individual lawsuits filed by students who have said they were notified that their legal right to study in the United States was rescinded, often with minimal explanation. In some cases, students had minor traffic violations or other infractions. But in other cases, there appeared to be no obvious cause for the revocations. Subscribe to The Timesto read as many articles as you like. An earlier version of this article and its headline misstated a Trump administration announcement related to international students. The administration said it would temporarily restore records in a federal database granting thousands of students legal status, not that it would restore canceled visas. We acknowledge mistakes in our reporting with corrections. If you spot an error, please let us know atcorrections@nytimes.com.Learn more. Zach Montagueis a Times reporter covering the U.S. Department of Education, the White House and federal courts. Hamed Aleazizcovers the Department of Homeland Security and immigration policy for The Times. To leave without signing in, use your browser's Back button. Enjoy unlimited access to all of The Times.",https://www.nytimes.com/2025/04/25/us/politics/trump-student-visa-cancellations.html
2025-05-18,New York Times,"Catch up on big news, and wind down to end your day. The biggest stories of our time, in 20 minutes a day. A guide to understanding the news, made for readers around the globe. The latest news for any part of the world you select. Backstories and analysis from our Canadian correspondents. The most crucial business and policy news you need to know. Our tech journalists help you make sense of the rapidly changing tech world. Reviews, news and features to help you find your next read. The podcast that takes you inside the literary world. Pop music news, new songs and albums, and artists of note. Unwind with stories about culture and the way we live. Essential news and guidance to live your healthiest life. The complicated love lives of real people. Mapping the new world order through interviews and conversations. You've heard the news, here's what to make of it. Discussions of ideas that matter, plus book recommendations. Conversations with the world’s most fascinating people. Your morning listen. Top stories, in 10 minutes. Your guide to the best New York Times shows this week. Be the first to know about our new shows. Word games, logic puzzles and crosswords, including an extensive archive.Go to Games Puzzles, brain teasers, solving tips and more. Get an easy version of one of the hardest crossword puzzles of the week. Recipes, advice and inspiration for everyday cooking, special occasions and more.Go to Cooking New recipes, easy dinner ideas and smart kitchen tips from Melissa Clark, Sam Sifton and our New York Times Cooking editors. Delicious vegetarian recipes and tips from Tanya Sichynsky. Dinner ideas for busy people from Emily Weinstein. Reviews and recommendations for thousands of products.Go to Wirecutter The best independent reviews, expert advice and intensively researched deals. Step-by-step advice on how to keep everything in your home squeaky clean. Personalized coverage of your sports teams and leagues.Go to The Athletic Delivering the top stories in sports, Sunday to Friday. Even before President Trump was re-elected, the Heritage Foundation, best known for Project 2025, set out to destroy pro-Palestinian activism in the United States. In late April, the Heritage Foundation dispatched a team to Israel to meet with power players in Israeli politics, including the country’s foreign and defense secretaries and the U.S. ambassador, Mike Huckabee. The conservative Washington-based think tank is best known for spearheading Project 2025, a proposed blueprint for President Trump’s second term that called for reshaping the federal government and an extreme expansion of presidential power. Now the Heritage contingent was in Israel, in part, to discuss another contentious policy paper:Project Esther, the foundation’s proposal to rapidly dismantle the pro-Palestinian movement in the United States, along with its support at schools and universities, at progressive organizations and in Congress. Drafted in the wake of Hamas’s attack on Israel in 2023 and the mounting protests against the war in Gaza, Project Esther outlined an ambitious plan to fight antisemitism by branding a broad range of critics of Israel as “effectively a terrorist support network,” so that they could be deported, defunded, sued, fired, expelled, ostracized and otherwise excludedfrom what it considered “open society.” Project Esther’s architects envisioned outcomes that at the time might have seemed far-fetched. Curriculum it believed to be sympathetic to a “Hamas support” narrative would be taken out of schools and universities, and “supporting faculty” would be removed. Social media would be purged of content deemed to be antisemitic. Institutions would lose public funding. Foreign students who pushed for Palestinian rights would have their visas revoked, or be deported. Subscribe to The Timesto read as many articles as you like. Katie J.M. Bakeris a national investigative correspondent for The New York Times. To leave without signing in, use your browser's Back button. Enjoy unlimited access to all of The Times.",https://www.nytimes.com/2025/05/18/us/project-esther-heritage-foundation-palestine.html
2025-04-01,New York Times,"Catch up on big news, and wind down to end your day. The biggest stories of our time, in 20 minutes a day. A guide to understanding the news, made for readers around the globe. The latest news for any part of the world you select. Backstories and analysis from our Canadian correspondents. The most crucial business and policy news you need to know. Our tech journalists help you make sense of the rapidly changing tech world. Reviews, news and features to help you find your next read. The podcast that takes you inside the literary world. Pop music news, new songs and albums, and artists of note. Unwind with stories about culture and the way we live. Essential news and guidance to live your healthiest life. The complicated love lives of real people. Mapping the new world order through interviews and conversations. You've heard the news, here's what to make of it. Discussions of ideas that matter, plus book recommendations. Conversations with the world’s most fascinating people. Your morning listen. Top stories, in 10 minutes. Your guide to the best New York Times shows this week. Be the first to know about our new shows. Word games, logic puzzles and crosswords, including an extensive archive.Go to Games Puzzles, brain teasers, solving tips and more. Get an easy version of one of the hardest crossword puzzles of the week. Recipes, advice and inspiration for everyday cooking, special occasions and more.Go to Cooking New recipes, easy dinner ideas and smart kitchen tips from Melissa Clark, Sam Sifton and our New York Times Cooking editors. Delicious vegetarian recipes and tips from Tanya Sichynsky. Dinner ideas for busy people from Emily Weinstein. Reviews and recommendations for thousands of products.Go to Wirecutter The best independent reviews, expert advice and intensively researched deals. Step-by-step advice on how to keep everything in your home squeaky clean. Personalized coverage of your sports teams and leagues.Go to The Athletic Delivering the top stories in sports, Sunday to Friday. Civil rights advocates say Canary Mission is doxxing critics of Israel and providing a possible road map for immigration agents as they sweep up students in a campus crackdown. On March 24, a shadowy group that calls itself Canary Mission posted a new feature on its website, “Uncovering Foreign Nationals,” in response to President Trump’s recent executive order on combating antisemitism. The group, which says its mission is to single out those who promote “hatred of the U.S.A., Israel and Jews on North American college campuses,” listed the names of seven students and academics, including three current and former professors at Columbia University. The seven people whom Canary Mission flagged, all of whom the group says could be deported because they are not U.S. citizens, are among thousands of people whose pictures, along with details of their alleged antisemitic activities, have been posted on Canary’s website since its creation a decade ago — all accused of anti-Israeli activism. Since the Trump administration began targeting students in a sweeping immigration crackdown last month, nine students and professors, several of whom had engaged in protests or other activism over Israel’s war in Gaza, have been either threatened with deportation or detained. Three of them had appeared on the Canary Mission website. The actions taken in recent weeks against these foreign students and academics, many of them highly accomplished in their fields, have raised questions about why federal authorities are singling them out, and what role outside groups like Canary Mission are playing in identifying targets for deportation. In a briefing on Monday, a State Department spokeswoman, asked about whether such lists played a role in decision-making, said the agency would not discuss “what happens with individuals and visas, and whether they’re issued or if they’re revoked.” Subscribe to The Timesto read as many articles as you like. Stephanie Saulreports on colleges and universities, with a recent focus on the dramatic changes in college admissions and the debate around diversity, equity and inclusion in higher education. To leave without signing in, use your browser's Back button. Enjoy unlimited access to all of The Times.",https://www.nytimes.com/2025/04/01/us/israel-gaza-student-protests-canary-mission.html
2023-05-11,Washington Post,"Israeli strikes have pummeled the Gaza Strip for three days, killing at least 30 people, among them children and leaders of the Islamic Jihad militant group, according to Gaza’s health ministry. Israeli officials say their forces  are targeting commanders of and weapons stored by the extremist group. These cookies are necessary for the website to function and cannot be switched off in our systems. They are usually only set in response to actions made by you which amount to a request for services, such as setting your privacy preferences, logging in or filling in forms. You can set your browser to block or alert you about these cookies, but some parts of the site will not then work. These cookies do not store any personally identifiable information. As a California consumer, you have the right to opt-out from the sale or sharing of your personal information at any time across business platform, services, businesses and devices. You can opt-out of the sale and sharing of your personal information by using this toggle switch. As a Virginia, Utah, Colorado and Connecticut consumer, you have the right to opt-out from the sale of your personal data and the processing of your personal data for targeted advertising. You can opt-out of the sale of your personal data and targeted advertising by using this toggle switch. For more information on your rights as a United States consumer see our privacy notice. These cookies may be set through our site by our advertising partners. They may be used by those companies to build a profile of your interests and show you relevant adverts on other sites. They do not store directly personal information, but are based on uniquely identifying your browser and internet device. If you do not allow these cookies, you will experience less targeted advertising. These cookies allow us to count visits and traffic sources so we can measure and improve the performance of our site. They help us to know which pages are the most and least popular and see how visitors move around the site. All information these cookies collect is aggregated and therefore anonymous. If you do not allow these cookies we will not know when you have visited our site, and will not be able to monitor its performance. These cookies are set by a range of social media services that we have added to the site to enable you to share our content with your friends and networks. They are capable of tracking your browser across other sites and building up a profile of your interests. This may impact the content and messages you see on other websites you visit. If you do not allow these cookies you may not be able to use or see these sharing tools.",https://www.washingtonpost.com/world/2023/05/11/palestinian-islamic-jihad-gaza-israel/
2023-09-21,Washington Post,"GAZA CITY — As Palestinians in the nearby West Bank have endured their deadliest year in decades, it has been a rare summer of quiet ­­in the Gaza Strip. Raed Asad hoped he could finally secure a permit to work on an Israeli farm or construction site. These cookies are necessary for the website to function and cannot be switched off in our systems. They are usually only set in response to actions made by you which amount to a request for services, such as setting your privacy preferences, logging in or filling in forms. You can set your browser to block or alert you about these cookies, but some parts of the site will not then work. These cookies do not store any personally identifiable information. As a California consumer, you have the right to opt-out from the sale or sharing of your personal information at any time across business platform, services, businesses and devices. You can opt-out of the sale and sharing of your personal information by using this toggle switch. As a Virginia, Utah, Colorado and Connecticut consumer, you have the right to opt-out from the sale of your personal data and the processing of your personal data for targeted advertising. You can opt-out of the sale of your personal data and targeted advertising by using this toggle switch. For more information on your rights as a United States consumer see our privacy notice. These cookies may be set through our site by our advertising partners. They may be used by those companies to build a profile of your interests and show you relevant adverts on other sites. They do not store directly personal information, but are based on uniquely identifying your browser and internet device. If you do not allow these cookies, you will experience less targeted advertising. These cookies allow us to count visits and traffic sources so we can measure and improve the performance of our site. They help us to know which pages are the most and least popular and see how visitors move around the site. All information these cookies collect is aggregated and therefore anonymous. If you do not allow these cookies we will not know when you have visited our site, and will not be able to monitor its performance. These cookies are set by a range of social media services that we have added to the site to enable you to share our content with your friends and networks. They are capable of tracking your browser across other sites and building up a profile of your interests. This may impact the content and messages you see on other websites you visit. If you do not allow these cookies you may not be able to use or see these sharing tools.",https://www.washingtonpost.com/world/2023/09/21/gaza-israel-hamas-palestinians-conflict/
2023-02-22,Washington Post,"Tensions between Israel and its neighbors intensified this week as crackdowns on Palestinian worshipers in Jerusalem led to rocket attacks from Gaza and Lebanon, followed by retaliatory Israeli airstrikes. Israel strikes Lebanon and Gaza after rockets fired; two killed in shooting attack The escalation comes in what has been a year of near-daily violence and Israeli raids in the occupied West Bank. Around midnight Tuesday, Israeli forces raided one of Islam’s holiest sites, al-Aqsa Mosque, after prayers. Videos showed Israeli troops beating people inside the mosque with batons. About 350 Palestinians were arrested, and more than 30 Palestinians and two Israeli officers were injured. Police said they carried out the raid after a group of worshipers locked themselves inside the building and threw rocks and firecrackers at them as they entered the prayer hall. It’s Ramadan, and Muslims often stay in mosques to pray late into the night. The raid prompted early-morning rocket strikes from the Gaza Strip. Israel then conducted retaliatory airstrikes on the strip. On Wednesday night,Israeli police raided the mosque compound again, using stun grenades and batons to disperse hundreds of worshipers gathering for nightly Ramadan Taraweeh prayers. More than 30 rockets were launched from southern Lebanon into northern Israel.Israel’s air defense system intercepted most of them, and no group asserted responsibility for the assault. The Lebanese government condemned the attack, one of the largest since the two countries fought a war in 2006. Rockets from Gaza were also fired into Israel. Israeli Prime Minister Benjamin Netanyahu vowed firm retaliation. “We will cripple our enemies, and they will pay a price for every act of aggression,” he said Thursday. In the early morning, Israellaunched airstrikeson Lebanon and the Gaza Strip, saying it was targeting the “terrorist infrastructure” of Hamas, the militant group that controls Gaza. The Lebanese government called the strikes “a blatant violation of Lebanon’s sovereignty.” After the strikes, two Israeli sisters were killed in a shooting in the West Bank. Another attack took place in Tel Aviv. A car rammed into a crowd, running over multiple people,accordingto Israeli police. One person was killed. Hamas celebrated both attacks but did not claim responsibility for them. The recent escalations were preceded by almost-daily violence in the West Bank in the past year. Israeli forceskilled at least 146 Palestinians in the West Bank and East Jerusalem in 2022, the deadliest year since the United Nations began recording fatalities in 2005. This year is on track to be even deadlier, with at least 80 Palestinianskilledin the West Bank and Jerusalem, according to the Palestinian Health Ministry of Health,as Israel’s new far-right government, which came to power late last year, has intensified operations against Palestinian militants. As the raids have increased, so have Palestinian attacks on Israelis. At least 14 Israelis havebeen killedsince the start of the year. Israeli forces conducted a raid on a refugee camp in the West Bank city of Jenin that left 10 dead, including an unarmed 61-year-old woman. Nineteen others were wounded in the hours-long gun battle. One day later, a Palestinian gunmanopened fire outside an East Jerusalem synagogue, killing seven people after Friday night prayers. The shooter was killed at the scene. Mushir al-Masri, a politician with Hamas, hailed the shooting as a “quick response to the Jenin massacre” and “evidence of the vitality and readiness of the resistance.” The next day, a 13-year-old Palestinian shot and injured two Israelis in Maalot Ir David, an Israeli settlement in East Jerusalem. Just over one week later, Israeli forces raided Jericho,killing five Palestinian men, two of whom the army said were caught planning an attack on a Jewish-run restaurants. Protests broke out in the usually peaceful town known for its farmland and Christian pilgrimage sites. An Israeli raid in Nablus killed a 17-year-old Palestinian. The army said the teen had fired on Israeli forces. A Palestinian driver rammed a car into a crowd waiting at a Jerusalem bus stop, killing three, including two young children. A shootout in Nabluslefta Palestinian man dead. In East Jerusalem, an Israeli police officer was accosted by a knife-wielding Palestinian. A security guard opened fire to try to stop the Palestinian man but instead shot the stabbed officer, who later died of his wounds, police said. During a raid on a refugee camp near the West Bank city of Tubas, Israeli forces shot and killed a Palestinian teenager. Amassive raid in Nablusleft at least 11 Palestinians dead and more than 100 wounded. Two Israeli soldiers were also injured, according to the Israel Defense Forces. As Israeli and Palestinian leaders were meeting in Jordan, a Palestinian man opened fire at a traffic junction in the West Bank town of Huwara, killing two brothers. Hours later, dozens of Israeli settlersrampaged through Palestinian towns, lighting cars and homes on fire and killing one man. The next day, hundreds more Israeli troops were sent to the West Bank. Israeli settlers in hoods carrying rocks and an ax attacked a Palestinian family of five in Huwara late at night. One person was hospitalized. At leastsix Palestinians were killedin an Israeli military raid in Jenin. The Israeli military said one of the men killed was believed to have fatally shot the two Israeli brothers at a traffic junction on Feb. 26. An Israeli raid in the West Bank village of Jaba left three Palestinian militants dead, according to security forces. Hours later, a Palestinian man opened fire in Tel Aviv, wounding three people before he was killed at the scene. A drive-by shooting carried out by Palestinian militantswoundedtwo Israeli soldiers in Huwara. The Popular Front for the Liberation of Palestine asserted responsibility for the attack. Israeli police shot andkilleda 26-year-old man outside the gates of al-Aqsa Mosque. Palestinians said he was trying to prevent police from harassing a woman. Police said he tried to take a gun from an officer. An Israeliraidin Nablus left two Palestinian men dead. Louisa Loveluck, Sarah Dadouch, Niha Masih, Miriam Berger, Shira Rubin, William Booth, Fatima Abdul Karim, Sufian Taha and Loveday Morris contributed to this report. These cookies are necessary for the website to function and cannot be switched off in our systems. They are usually only set in response to actions made by you which amount to a request for services, such as setting your privacy preferences, logging in or filling in forms. You can set your browser to block or alert you about these cookies, but some parts of the site will not then work. These cookies do not store any personally identifiable information. As a California consumer, you have the right to opt-out from the sale or sharing of your personal information at any time across business platform, services, businesses and devices. You can opt-out of the sale and sharing of your personal information by using this toggle switch. As a Virginia, Utah, Colorado and Connecticut consumer, you have the right to opt-out from the sale of your personal data and the processing of your personal data for targeted advertising. You can opt-out of the sale of your personal data and targeted advertising by using this toggle switch. For more information on your rights as a United States consumer see our privacy notice. These cookies may be set through our site by our advertising partners. They may be used by those companies to build a profile of your interests and show you relevant adverts on other sites. They do not store directly personal information, but are based on uniquely identifying your browser and internet device. If you do not allow these cookies, you will experience less targeted advertising. These cookies allow us to count visits and traffic sources so we can measure and improve the performance of our site. They help us to know which pages are the most and least popular and see how visitors move around the site. All information these cookies collect is aggregated and therefore anonymous. If you do not allow these cookies we will not know when you have visited our site, and will not be able to monitor its performance. These cookies are set by a range of social media services that we have added to the site to enable you to share our content with your friends and networks. They are capable of tracking your browser across other sites and building up a profile of your interests. This may impact the content and messages you see on other websites you visit. If you do not allow these cookies you may not be able to use or see these sharing tools.",https://www.washingtonpost.com/world/2023/02/22/israel-palestinian-violence-timeline/
2024-01-01,Washington Post,"This live coverage has ended. For the latest updates,please go here.",https://www.washingtonpost.com/world/2024/01/01/israel-hamas-war-gaza-news-palestine/
2023-11-08,Washington Post,"Secretary of State Antony Blinken said Israelshould not reoccupy the Gaza Strip, after Prime Minister Benjamin Netanyahu vowed that Israel would assume responsibility for Gaza’s security “for an indefinite period.” Blinken told reporters that “Gaza cannot continue to be run by Hamas” but that “it’s also clear that Israel cannot occupy Gaza.” In remarks Wednesday, Israeli government spokesman Eylon Levy said that how Gaza would be controlled after the conflict remained uncertain but that Hamas would not play a role. In response to calls for a cease-fire, Levy said the war would “continue at full force” until Hamas’s “military and governing machine” had been destroyed. These cookies are necessary for the website to function and cannot be switched off in our systems. They are usually only set in response to actions made by you which amount to a request for services, such as setting your privacy preferences, logging in or filling in forms. You can set your browser to block or alert you about these cookies, but some parts of the site will not then work. These cookies do not store any personally identifiable information. As a California consumer, you have the right to opt-out from the sale or sharing of your personal information at any time across business platform, services, businesses and devices. You can opt-out of the sale and sharing of your personal information by using this toggle switch. As a Virginia, Utah, Colorado and Connecticut consumer, you have the right to opt-out from the sale of your personal data and the processing of your personal data for targeted advertising. You can opt-out of the sale of your personal data and targeted advertising by using this toggle switch. For more information on your rights as a United States consumer see our privacy notice. These cookies may be set through our site by our advertising partners. They may be used by those companies to build a profile of your interests and show you relevant adverts on other sites. They do not store directly personal information, but are based on uniquely identifying your browser and internet device. If you do not allow these cookies, you will experience less targeted advertising. These cookies allow us to count visits and traffic sources so we can measure and improve the performance of our site. They help us to know which pages are the most and least popular and see how visitors move around the site. All information these cookies collect is aggregated and therefore anonymous. If you do not allow these cookies we will not know when you have visited our site, and will not be able to monitor its performance. These cookies are set by a range of social media services that we have added to the site to enable you to share our content with your friends and networks. They are capable of tracking your browser across other sites and building up a profile of your interests. This may impact the content and messages you see on other websites you visit. If you do not allow these cookies you may not be able to use or see these sharing tools.",https://www.washingtonpost.com/world/2023/11/08/israel-war-news-hamas-gaza-palestine/
2024-01-13,Washington Post,"Thousands of protesters gathered in downtown D.C. Saturday afternoon at a rally calling for a cease-fire in Gaza and a halt to U.S. aid to Israel. A sea of black, green, red and white flags floated over the crowd in Freedom Plaza, blocks from the White House, as the protesters chanted “Free Free Palestine” and held picket signs with messages such as “Cease Fire Now” and “End the War in Gaza.” Other signs accused the Israeli government of practicing apartheid and charged President Biden with genocide. These cookies are necessary for the website to function and cannot be switched off in our systems. They are usually only set in response to actions made by you which amount to a request for services, such as setting your privacy preferences, logging in or filling in forms. You can set your browser to block or alert you about these cookies, but some parts of the site will not then work. These cookies do not store any personally identifiable information. As a California consumer, you have the right to opt-out from the sale or sharing of your personal information at any time across business platform, services, businesses and devices. You can opt-out of the sale and sharing of your personal information by using this toggle switch. As a Virginia, Utah, Colorado and Connecticut consumer, you have the right to opt-out from the sale of your personal data and the processing of your personal data for targeted advertising. You can opt-out of the sale of your personal data and targeted advertising by using this toggle switch. For more information on your rights as a United States consumer see our privacy notice. These cookies may be set through our site by our advertising partners. They may be used by those companies to build a profile of your interests and show you relevant adverts on other sites. They do not store directly personal information, but are based on uniquely identifying your browser and internet device. If you do not allow these cookies, you will experience less targeted advertising. These cookies allow us to count visits and traffic sources so we can measure and improve the performance of our site. They help us to know which pages are the most and least popular and see how visitors move around the site. All information these cookies collect is aggregated and therefore anonymous. If you do not allow these cookies we will not know when you have visited our site, and will not be able to monitor its performance. These cookies are set by a range of social media services that we have added to the site to enable you to share our content with your friends and networks. They are capable of tracking your browser across other sites and building up a profile of your interests. This may impact the content and messages you see on other websites you visit. If you do not allow these cookies you may not be able to use or see these sharing tools.",https://www.washingtonpost.com/dc-md-va/2024/01/13/march-for-gaza-dc-rally-israel-hamas-war/
2024-01-24,Washington Post,"Soph Askanase remembers the smell — “a mix of sewage, rot and dead animal” — coming on suddenly. The stench hit the Columbia University student during a pro-Palestinian rally on campus Friday. About 300 people had gathered on the steps of the Low Library, protesting Israel’s bombing campaign in Gaza. “I could hear protesters asking each other if they could smell it, too,” said Askanase, a member of Jewish Voice for Peace and Columbia University Apartheid Divest.“I really thought it was leaked sewage or something dead near us.” Hours later, the scent had not lifted — and some of the protesters had begun to suffer nausea, burning eyes and stomach pain. Several were hospitalized, according to organizers. Now, university and New York law enforcement officials are investigating reports that those at the demonstration were sprayed with a chemical substance in what the university’s interim provost, Dennis A. Mitchell, said Monday could be “serious crimes, possibly hate crimes.” He added that the school had banned “the alleged perpetrators,” whom he did not identify, from campus as the investigation continues. “We condemn in the strongest possible terms any threats or acts of violence directed toward anyone in our community,” Mitchellwrotein a statement. No arrests had been made as of Tuesday, New York Police Department Detective Annette Shelton said. Israeli hostage families have ‘nothing left to lose’ in push for new deal The incident comes as tensions remain high over the Israeli bombardment of Gaza that the enclave’s Health Ministry says has killed more than 25,000, launched after the Oct. 7 attack by Hamas that Israel estimates killed about 1,200. Since the first days of the war, American college campuses have beeninflamed by tensionsover the situation in the Middle East. Protests have been held in support of both Israel and Palestinians, and donors and politicians have paid close attention to the stances taken by university officials. At Columbia on Friday, hundreds of students gathered around 1 p.m. to encourage the school to divest from Israel and speak out againstthe killings of Palestinians. Cameron Jones, a lead organizer for Jewish Voice for Peace who helped put together the event, said the first 30 minutes were ordinary. It was at 1:45 p.m. that he said he smelled something “like human poop mixed with decaying animals.” He pointed it out to a friend, who acknowledged the smell, but both were so focused on the rally that they initially didn’t think much of it. The first report came in to police at 1:50 p.m., with a caller saying that “an unknown substance was sprayed into the air,” New York Police Department spokeswoman Thiffany Monderson said Tuesday. Police received one report of someone experiencing irritated eyes and nausea, but five more with similar reports have come forward since the incident, Shelton said. Jones, the protest organizer, said that in addition to the eight people hospitalized, others visited urgent care. Officials declined to comment on possible motives or elaborate beyond the statement shared Monday. One student told The Washington Post she reported to police that she was harassed by two men at the protest. Lea, a sophomore who spoke on the condition that her last name be withheld because of safety concerns, said she was standing with a sign that read “CU Jews for Ceasefire” when the men approached her and began questioning her Judaism. The student, who grew up an Orthodox Jew, said she started talking to the men in Hebrew: “They told me, ‘What happened to you? Who spoiled you? Who ruined you?’” In the days that followed the protest, attendees puzzled over what had caused the smell — and why some of them felt sick.In a group message between protesters, one wrote: “i’m alone now and can still smell it on me [let me know] if same happened for u guys,” one texted. People offered all sorts of rationalizations: Some thought it was a stink bomb; another said “maybe we just stink.” Some felt isolated, wondering whether they were alone in feeling unwell. “i thought i was losing my mind,” one texted the group. They traded messages describing some of their symptoms and encouraged one another to visit urgent care. When Askanase and four other protesters reported their symptoms to campus police and the NYPD on Sunday evening, they brought a jacket that had been doused with the foul-smelling substance. Askanase said that even being in a room with the jacket made some of them feel ill. “Three of us ended up in the hospital that night,” Askanase said. “I woke up the next day feeling foggy even though the rally at this point was three days ago.” Cate Brown and Niha Masih contributed to this report. These cookies are necessary for the website to function and cannot be switched off in our systems. They are usually only set in response to actions made by you which amount to a request for services, such as setting your privacy preferences, logging in or filling in forms. You can set your browser to block or alert you about these cookies, but some parts of the site will not then work. These cookies do not store any personally identifiable information. As a California consumer, you have the right to opt-out from the sale or sharing of your personal information at any time across business platform, services, businesses and devices. You can opt-out of the sale and sharing of your personal information by using this toggle switch. As a Virginia, Utah, Colorado and Connecticut consumer, you have the right to opt-out from the sale of your personal data and the processing of your personal data for targeted advertising. You can opt-out of the sale of your personal data and targeted advertising by using this toggle switch. For more information on your rights as a United States consumer see our privacy notice. These cookies may be set through our site by our advertising partners. They may be used by those companies to build a profile of your interests and show you relevant adverts on other sites. They do not store directly personal information, but are based on uniquely identifying your browser and internet device. If you do not allow these cookies, you will experience less targeted advertising. These cookies allow us to count visits and traffic sources so we can measure and improve the performance of our site. They help us to know which pages are the most and least popular and see how visitors move around the site. All information these cookies collect is aggregated and therefore anonymous. If you do not allow these cookies we will not know when you have visited our site, and will not be able to monitor its performance. These cookies are set by a range of social media services that we have added to the site to enable you to share our content with your friends and networks. They are capable of tracking your browser across other sites and building up a profile of your interests. This may impact the content and messages you see on other websites you visit. If you do not allow these cookies you may not be able to use or see these sharing tools.",https://www.washingtonpost.com/nation/2024/01/24/columbia-palestinian-gaza-israel-campus/
2024-03-18,Washington Post,"Demonstrators calling for an immediate cease-fire and an end to the war in Gaza have become a hallmark of Democratic events Early this month, protesters confronted Rep. Alexandria Ocasio-Cortez (D-N.Y.) at a Brooklyn theater, demanding that she call the Israel-Gaza war “a genocide.” The next day, protesters shouting “Cease-fire now!” and “Let Gaza live!”interrupted the Senate primary victory speechof Rep. Adam Schiff (D-Calif.), forcing him to cut short his ebullient remarks. And before the annual State of the Union address, protesters wearing black shirts blaring “Biden’s legacy = genocide” and carrying oversized banners locked arms to shut down a swath of Pennsylvania Avenue—forcing President Biden’s motorcade to take an alternate route to the Capitol to avoid the demonstration. Ever since Hamas’s deadly Oct. 7 attack on Israel and Israel’s military response, protesters calling for an immediate cease-fire and an end to the war in Gaza have become a hallmark of Democratic events, with demonstrators confronting everyone from Biden and Vice President Harris to Cabinet secretaries and members of Congress. The sustained and ubiquitous nature of the protests has distracted from the message that Democrats are hoping to send and highlighted a key vulnerability that Democrats fear could hurt them in the November election. “The persistence of these is really striking, and that’s probably why it’s really making it a headache for anyone in a position of authority at this point, and it’s the Democrats right now,” said Dave Clark, professor of political science of Binghamton University. “So many times these things are difficult to sustain, from an organizational standpoint and they drift off into nothingness, and they have not done that. They really have been sustained since the October 7th attack.” Particularly ominous for Biden and other Democrats is not just the fact of the protesters and near-constant disruptions, but what it could portend in November: Many of the protesters have emerged from the ranks of their liberal base, including young voters. In last month’s Democratic primary election in Michigan, which has a large Arab American population, more than 100,000 voters chose “Uncommitted” — a pointed signal intended to convey they were unhappy with Biden’s Israel-Gaza war policies. AMarch Fox News poll, for instance, asked registered voters whether they approved or disapproved of how Biden was handling the war. Overall, among Democrats, a narrow 52 percent majority approved and 44 percent disapproved — much worse than his overall approval rating among Democrats, 81 percent of whom approved of how he was doing as president. And aJanuary AP-NORC pollfound 63 percent of Democrats saying the military response from Israel in the Gaza Strip has “gone too far,” compared to 24 percent who said it has been about right and 9 percent who said Israel has not gone far enough. Some Democrats are also growing anxious about the party’s convention this summer in Chicago and the prospect of mass protests interfering with the four-day event. Demonstrators always gather outside Democratic and Republican conventions, but party rank-and-file have quietly expressed concern about major disruptions this year, particularly related to Israel and Gaza. The convention will have enhanced security because it is designated as a national security special event, and organizers say they are confident they can balance First Amendment activity and safety concerns. The president, a staunch supporter of Israel, supports a temporary cease-fire in Gaza in exchange for the release of hostages still being held by Hamas. He has also become increasingly critical of Israeli leaders for not allowing more aid into Gaza, where more than 30,000 Palestinians have been killed, according to the Gaza Health Ministry, and hundreds of thousands more are at risk of famine. Protesters have a host of demands, including a permanent cease-fire and an end of U.S. military support to Israel. In an interview with MSNBC earlier this month, Biden said, “I’m never going to leave Israel. The defense of Israel is still critical, so there’s no red line I’m going to cut off all weapons.” But the Democratic Party in recent days has been taking a tougher line on the Israeli government. On Thursday, Senate Majority Leader Charles E. Schumer (D-N.Y.) — the highest-ranking Jewish official in the United States and a close ally of Israel — delivered a dramatic speech on the floor of the Senate, calling for the Israeli government to hold new elections to avoid becoming an international “pariah” under the leadership of Prime Minister Benjamin Netanyahu and his right-wing cabinet. The White House and the Biden campaign have sought to minimize disruptions at the president’s public events, especially since pro-Palestinian protesters interrupted Biden and Harris numerous times at a January rally focused on abortion rights in Virginia, according to five people who spoke on the condition of anonymity to describe private deliberations. Neither the White House nor the Biden campaign has held an event with the president that is open to the general public since Biden launched his reelection effort last April, though a White House spokesman said there have been no procedural changes for events with the president since he took office. For Biden’s campaign rallies, all attendees must be invited and are required to show their invitations as they enter, the five people said. The president’s other campaign events have been surprise stops, largely at local restaurants, where people do not have notice. The campaign has kept the location of Biden’s events tightly held. The White House has also briefed Cabinet secretaries on how to handle any disruptions they encounter while out in the country, including stressing the importance of the First Amendment, the people said. That has not fully succeeded: A protester interrupted the president during a March 9 rally in Atlanta, shouting “Genocide Joe” and “Free Palestine,” as he was quickly carried out by security. “Look, thank you,” Biden said. “Look, I don’t resent — I don’t resent — I don’t resent his passion. There’s a lot of Palestinians who are being unfairly victimized.” Aides and allies of the president have praised him for keeping his cool in the face of demonstrations, especially compared to former president and presumptive 2024 Republican nominee Donald Trump, who has often berated protesters. But while Trump has encountered sporadic climate protesters this year, he has not faced significant demonstrations from pro-Palestinian activists. “While Donald Trump encourages violence against both protesters and reporters at his rallies, the President is a fierce defender of the First Amendment and believes everyone should be treated with dignity and respect,” Lauren Hitt, a spokeswoman for Biden’s campaign, said in a statement. During a March 8 stop in Phoenix, Harris’s motorcade passed by dozens of protesters yelling “Genocide Joe” and “Butcher Biden” as they held signs that read “Save Gaza” and “Free Palestine.” Inside the event, a protester began shouting in the middle of her remarks on reproductive freedoms, but was eventually drowned out by attendees chanting, “MVP! MVP!” — referring to “Madam Vice President” — before the demonstrator was removed from the event. The next day, as she prepared for remarks at a campaign event at a local high school in North Las Vegas, an aide handed Harris a notecard with bullet points on what to say if she encountered more Gaza war protesters. She looked it over before taking the stage — where she was again interrupted by a protester. “Okay, everyone has a chance to speak,” Harris said, as the protester was swiftly removed. “Right now, I’m speaking.” The protesters are even directing their ire at progressive Democrats, including some like Rep. Maxwell Frost (D-Fla.) and Ocasio-Cortez, both of whom signed an October resolution calling for an immediate cease-fire. Earlier this month, a few hundred protesters rallied outside the MadSoul Music and Arts Festival, hosted by Frost in Orlando, as they demanded an end to U.S. aid to Israel and called for a “free Palestine.” Frost took the stage at the festival — which included remarks from young liberal Democrats — to address protesters directly, noting that he is also alarmed by Israel’s actions and is calling for a cease-fire. Last fall, activists occupied the office of Rep. Ro Khanna (D-Calif.), another progressive lawmaker who at the time had not signed onto the cease-fire resolution, but did so shortly thereafter. Khanna, who met with the protesters, said he respected them for being “passionate about a moral point of view.” And before the Michigan primary last month — where the Israel-Gaza war was a key source of tension within the Democratic base — he served as an emissary for the Biden campaign, traveling to that state to meet with Arab American leaders, students and fellow progressives. “It’s a wake-up call to the Democratic Party if elected officials are fearful to go on college campuses,” Khanna said. “We need to be out on college campuses, and the reality is we are the party that’s in power. The last thing young people want to hear is, ‘Well, the other guy is worse.’ That doesn’t do anything to inspire young people. They want to hear about how we’re going to have a more just foreign policy.” Other Democrats similarly say they respect activism and freedom of speech, and thus welcome what they view as healthy debate — even if protesters sometimes distract from the intended message of an event. “It isn’t something I tend to see as scary,” Sen. Tina Smith (D-Minn.) said. “It’s part of the democratic process.” She added: “Activists who are part of the big Democratic Party coalition are looking to speak to and to reach out to leaders who they believe are going to listen to them.” Despite protesters calling for an immediate cease-fire in Gaza, Biden and many other Democrats are, on the whole, more aligned with the position of the pro-Palestinian protesters than Trump and his fellow Republicans are. In a recent interview on Fox News, Trump said Israel has to “finish the problem” in Gaza. But appealing to the party in power is only natural, said Democrats and experts who study protests. “Joe Biden is currently serving as the President of the United States of America. Not only does he occupy the most powerful office in the world, he is arguably the man that is most capable of changing outcomes in Palestine behind Benjamin Netanyahu himself,” Vincent Bevins, author of “If We Burn: The Mass Protest Decade and the Missing Revolution,” wrote in response to emailed questions.  He added: “If you believe that the United States is helping an ally to carry out atrocities and war crimes, I think it is easy to understand why you would target the commander in chief.” Jim Messina, who ran Barack Obama’s 2012 reelection campaign, said every incumbent president faces protests and said President George W. Bush arguably dealt with the largest demonstrations during his 2004 reelection campaign by anti-Iraq war groups, and he went on to win. He added that Biden’s operation does not need to start ramping up to large-scale events at this point in the year. “It wouldn’t make sense to have big rallies,” he said. “You have big rallies when you want to turn people out, get people to volunteer.” This year, the campaign has held at least 60 in-person events with as many surrogates across battleground states. And in the run-up to the Michigan primary, a number of high-profile Democratic officials — including Transportation Secretary Pete Buttigieg, Sen. Amy Klobuchar (D-Minn.) and Biden campaign co-chair Mitch Landrieu — appeared in the state, as well as some officials who disagreed with Biden on the outlines of a cease-fire. Rep. Sara Jacobs (D-Calif.), a Jewish lawmaker who has called for an immediate and permanent cease-fire, visited the University of Michigan for the Biden campaign shortly before that state’s primary. “We were prepared for anything,” Jacobs said. “But it was actually a very in-depth and respectful conversation where the young people really wanted advice on how to talk to their friends who were skeptical of voting for Biden. … I actually think it’s a good thing that there are so many people who believe that coming out and making their voices heard is likely to get policy to change.” The war in Gaza is not the only issue that has attracted demonstrators and activists. Climate change protesters, too, have regularly interrupted both Democratic and Republican events this campaign cycle. Earlier this month, a climate protester confronted Sen. Joe Manchin III (D-W.Va.) at Harvard University, where he was speaking to a study group. Stevie O’Hanlon, communications director for the Sunrise Movement, a group of young people advocating for action on climate change, said her group has intentionally protested both Democrats and Republicans. “One goal is to make climate change an urgent issue in the 2024 election, and to push politicians of all parties to talk about it,” she said. “And climate, as well as abortion, is one issue where Democrats do really well compared to Republicans, but the reality is we need to raise the bar for all politicians.” But others warn that the disruptions also could have real political costs. “The biggest challenge is that the more protesters are in the news and in the public view, it makes the president look ineffective,” Clark said. “Even if his policies are indeed effective, it creates the appearance that they’re not because some of his own partisans and supporters are the ones complaining about his policies.” Sabrina Rodriguez in Arizona, Georgia and Nevada and Emily Guskin in Washington contributed to this report. These cookies are necessary for the website to function and cannot be switched off in our systems. They are usually only set in response to actions made by you which amount to a request for services, such as setting your privacy preferences, logging in or filling in forms. You can set your browser to block or alert you about these cookies, but some parts of the site will not then work. These cookies do not store any personally identifiable information. As a California consumer, you have the right to opt-out from the sale or sharing of your personal information at any time across business platform, services, businesses and devices. You can opt-out of the sale and sharing of your personal information by using this toggle switch. As a Virginia, Utah, Colorado and Connecticut consumer, you have the right to opt-out from the sale of your personal data and the processing of your personal data for targeted advertising. You can opt-out of the sale of your personal data and targeted advertising by using this toggle switch. For more information on your rights as a United States consumer see our privacy notice. These cookies may be set through our site by our advertising partners. They may be used by those companies to build a profile of your interests and show you relevant adverts on other sites. They do not store directly personal information, but are based on uniquely identifying your browser and internet device. If you do not allow these cookies, you will experience less targeted advertising. These cookies allow us to count visits and traffic sources so we can measure and improve the performance of our site. They help us to know which pages are the most and least popular and see how visitors move around the site. All information these cookies collect is aggregated and therefore anonymous. If you do not allow these cookies we will not know when you have visited our site, and will not be able to monitor its performance. These cookies are set by a range of social media services that we have added to the site to enable you to share our content with your friends and networks. They are capable of tracking your browser across other sites and building up a profile of your interests. This may impact the content and messages you see on other websites you visit. If you do not allow these cookies you may not be able to use or see these sharing tools.",https://www.washingtonpost.com/politics/2024/03/18/biden-democrats-protesters-gaza/
2024-04-18,Washington Post,"More than 100 people protesting the war in Gaza were cleared off Columbia University’s campus, arrested and charged with trespassing on Thursday. The arrests came a day after the university’s president pledged during a congressional hearing on antisemitism to balance students’ safety with their right to free speech. Having been summoned by Columbia President Minouche Shafik in what she described as “an extraordinary step” to keep the campus safe, New York Police Department officers in riot gear entered the encampment with zip ties in the early afternoon and systematically arrested protesters, who offered little resistance. Tejasri Vijayakumar, Columbia College student body president, started sobbing, completely shocked, when she heard the NYPD had moved in. Columbia’s gates have been closed all week, so only people with a university identification can get in; it was a peaceful student protest, she said. “Why not let Public Safety handle it?” she asked, or continue negotiating. “People are furious,” she said. Many people were frightened as well, she said, but the fear didn’t make the crowds dwindle. The administration’s move has only fueled the fire, she said. Students who participated in the encampment would be suspended, Shafik said in a letter to New York police. The encampment’s removal came a day after Shafik and other Columbia leaders faced scrutiny from federal lawmakers about antisemitism on their campus, and as universities across the country struggle to balance freedom of speech and protest with the need for safe campuses six months after the Israel-Gaza war began. Pro-Palestinian demonstrations have also caused disruptions beyond the campus this week. On Monday, protesters blocked major thoroughfares for hours in cities such as New York and San Francisco to spotlight Israel’s war in Gaza. In Seattle and Chicago, demonstrators shut down entrances to international airports, forcing passengers and crews to walk to their terminals or risk missing their flights. In San Francisco, protesters locked themselves together with pipes, which led police to use welding equipment to free them. Columbia’s leaders were summoned to testify Wednesday before the Republican-led House Committee on Education and the Workforce as part of its investigation into campus antisemitism.Lawmakers peppered them with questionsthat included scrutiny of slogans used at pro-Palestinian demonstrations, why they hadn’t stopped a recent unauthorized protest and how they had disciplined students involved. That followed a December hearing in which three other university presidents — from Harvard, the University of Pennsylvania and MIT — were scrutinized over their testimony before Congress, during which they declined to say calls for the genocide of Jews would violate campus policies. The leaders of Harvard and Penn later resigned. Protests erupted at colleges across the country after Oct. 7, and university officials have grappled with how best to respond to the tensions. The issue has been complicated by some of the language used in many demonstrations, which is heard by some listeners as Palestinian rallying cries and by others as calls for the eradication of Israel. On Wednesday, demonstrators erected tents in the center of Columbia’s Morningside campus, the latest display of risingtensionsat the New York university and others across the country. At an unauthorized demonstration at Columbia earlier this month, a masked protester yelled, “There’s nothing they can do to stop us!” and, as the crowd cheered and waved Palestinian flags, “This campus is OURS!” Shafikon Thursday cited safety concerns and violations of university rules and policies as the reasons for clearing the demonstration, adding that the university had issued written warnings to the student protesters Wednesday night that they could face consequences if they didn’t pack up their tents. More than 100 demonstrators occupied Columbia’s South Lawn starting Wednesday morning, the start of a 20-hour protest that was in violation of university rules, New York Mayor Eric Adams (D) said Thursday at a news conference. On Thursday, Columbia’s leaders contacted the New York Police Department to say the students were breaking multiple university rules, had been suspended and were trespassing. They requested that police come to the campus to remove the students if necessary, NYPD Commissioner Edward Caban said. Officers went to the encampment, gave protesters several orders to leave and warned them they could be arrested if they did not do so. When the demonstrators did not leave, officers started arresting them, which happened “without incident.” As many as 108 were arrested and charged with trespassing, the NYPD said. Two of them were also charged with obstructing governmental administration. Footage obtained by The Washington Post showed officers detaining protesters with their hands behind their backs and multiple police buses carrying protesters as other demonstrators briefly formed a new crowd nearby. Rep. Ilhan Omar’s daughter, Isra Hirsi, was one of the protesters arrested and charged with trespassing, the NYPD said. Earlier in the day, Hirsi, a student at Barnard College who is an organizer with the pro-Palestinian group Columbia Students for Justice in Palestine, saidon social mediathat she had been suspended for participating in the protest. A day earlier, Omar (D-Minn.) hadquestionedShafik about anti-Palestinian protests on college campuses. Adams said the university’s students have “a proud history” of using their right to free speech by protesting and making sure their voices are heard. He also acknowledged that the war in Gaza is painful and “has left many of us grieving and angry.” But First Amendment rights are not unfettered, the mayor said. “Students have a right to free speech, but do not have the right to violate university policies that disrupt learning on campus,” Adams said. PEN America, the human rights and literary organization, said it was disturbing that Columbia had called on police to remove the students “peacefully expressing their political views within the free speech zone.” “It is even more alarming that this action came amidst political pressure to crack down on pro-Palestinian expression on campus after yesterday’s hearing in the House,” said Kristen Shahverdian, who leads the organization’s efforts to bolster free speech on college and university campuses. Shafik’s decision to clear out student protesters is unique in recent campus history. This is likely the first time university officials have brought in police to break up a campus protest since 1996, when 23 students were arrested after an occupation of the school’s administration building, according to university officials. In April 1987, the then-president called the police in to get a group of “concerned Black students” out of Hamilton Hall, where they had set up a blockade. In April 1968, university officials called in police to end a protest in what the campus newspaper, the Columbia Daily Spectator, described as “a brutal bloody show of strength,” with 1,000 officers clearing occupied buildings. Nearly 700 students were arrested and 100 were injured, as some protesters resisted officers. Photos showed students with blood streaming down their faces. The 1968 crackdown shocked many and forced a culture change at the school. In the years since, university officials have promoted the political activism of their students. But after Oct. 7, intense protests over the Israel-Gaza war have divided campuses and led some students, faculty members and others to call for more restrictions on protests and stricter enforcement of rules. On Wednesday, Shafik told the House committee that balancing the free-speech rights of those who want to protest with the rights of Jewish students to be free of harassment and discrimination at Columbia has been the central challenge on campus. As the chaos of the afternoon settled into night, even more students poured into the South Lawn — waving Palestinian flags, blasting Palestinian music, chanting “intifada revolution,” smoking marijuana, chugging beer, banging on drums, and casually chatting in intimate friend circles on picnic blankets — all under the unrelenting watch of overhead surveillance drones. A little after 10 p.m., a red flare shot from one end of campus in an arc that dissipated over the university’s famous journalism school. In interviews, students said they lingered for a mix of reasons: Some didn’t want to give in to police intimidation, others didn’t have strong feelings about Palestinians’ suffering in the midst of a war but felt the police presence showed the administration no longer prioritized student safety, while others were just adrift, wondering how to recover their confiscated personal items — laptops, phones, purses and IDs — that had been scooped up by police and dumped into a nearby alley. “We don’t know why the administration thought these actions they took today best represented Columbia. And we don’t know what’s ahead,” said Daria Mateescu, 25, a second-year law school student. “All we know is students are no longer safe.” Alisa Shodiyev Kaff and Richard Morgancontributed to this report. These cookies are necessary for the website to function and cannot be switched off in our systems. They are usually only set in response to actions made by you which amount to a request for services, such as setting your privacy preferences, logging in or filling in forms. You can set your browser to block or alert you about these cookies, but some parts of the site will not then work. These cookies do not store any personally identifiable information. As a California consumer, you have the right to opt-out from the sale or sharing of your personal information at any time across business platform, services, businesses and devices. You can opt-out of the sale and sharing of your personal information by using this toggle switch. As a Virginia, Utah, Colorado and Connecticut consumer, you have the right to opt-out from the sale of your personal data and the processing of your personal data for targeted advertising. You can opt-out of the sale of your personal data and targeted advertising by using this toggle switch. For more information on your rights as a United States consumer see our privacy notice. These cookies may be set through our site by our advertising partners. They may be used by those companies to build a profile of your interests and show you relevant adverts on other sites. They do not store directly personal information, but are based on uniquely identifying your browser and internet device. If you do not allow these cookies, you will experience less targeted advertising. These cookies allow us to count visits and traffic sources so we can measure and improve the performance of our site. They help us to know which pages are the most and least popular and see how visitors move around the site. All information these cookies collect is aggregated and therefore anonymous. If you do not allow these cookies we will not know when you have visited our site, and will not be able to monitor its performance. These cookies are set by a range of social media services that we have added to the site to enable you to share our content with your friends and networks. They are capable of tracking your browser across other sites and building up a profile of your interests. This may impact the content and messages you see on other websites you visit. If you do not allow these cookies you may not be able to use or see these sharing tools.",https://www.washingtonpost.com/education/2024/04/18/columbia-student-gaza-protests-nypd/
2024-04-23,Washington Post,"Protests over theIsrael-Gaza warhavebeen spreading and intensifyingat college campuses across the country over the past week. Students have been arrested at several schools, including theUniversity of Southern California,Virginia Tech,YaleandColumbia University, during pro-Palestinian and other student protests, and a growing number of encampments have been launched at campuses across the country. These cookies are necessary for the website to function and cannot be switched off in our systems. They are usually only set in response to actions made by you which amount to a request for services, such as setting your privacy preferences, logging in or filling in forms. You can set your browser to block or alert you about these cookies, but some parts of the site will not then work. These cookies do not store any personally identifiable information. As a California consumer, you have the right to opt-out from the sale or sharing of your personal information at any time across business platform, services, businesses and devices. You can opt-out of the sale and sharing of your personal information by using this toggle switch. As a Virginia, Utah, Colorado and Connecticut consumer, you have the right to opt-out from the sale of your personal data and the processing of your personal data for targeted advertising. You can opt-out of the sale of your personal data and targeted advertising by using this toggle switch. For more information on your rights as a United States consumer see our privacy notice. These cookies may be set through our site by our advertising partners. They may be used by those companies to build a profile of your interests and show you relevant adverts on other sites. They do not store directly personal information, but are based on uniquely identifying your browser and internet device. If you do not allow these cookies, you will experience less targeted advertising. These cookies allow us to count visits and traffic sources so we can measure and improve the performance of our site. They help us to know which pages are the most and least popular and see how visitors move around the site. All information these cookies collect is aggregated and therefore anonymous. If you do not allow these cookies we will not know when you have visited our site, and will not be able to monitor its performance. These cookies are set by a range of social media services that we have added to the site to enable you to share our content with your friends and networks. They are capable of tracking your browser across other sites and building up a profile of your interests. This may impact the content and messages you see on other websites you visit. If you do not allow these cookies you may not be able to use or see these sharing tools.",https://www.washingtonpost.com/education/2024/04/23/college-student-antiwar-protests-israel-palestine/
2024-04-23,Washington Post,"Thearrest of 100 antiwar protestersat Columbia University on last Thursday sparked a new wave of campus unrest. Demonstrators set up encampments at colleges spanning the nation, with students demanding that their universities cut ties or reveal their involvement with corporations doing business with Israel or profiting off the war in Gaza. These cookies are necessary for the website to function and cannot be switched off in our systems. They are usually only set in response to actions made by you which amount to a request for services, such as setting your privacy preferences, logging in or filling in forms. You can set your browser to block or alert you about these cookies, but some parts of the site will not then work. These cookies do not store any personally identifiable information. As a California consumer, you have the right to opt-out from the sale or sharing of your personal information at any time across business platform, services, businesses and devices. You can opt-out of the sale and sharing of your personal information by using this toggle switch. As a Virginia, Utah, Colorado and Connecticut consumer, you have the right to opt-out from the sale of your personal data and the processing of your personal data for targeted advertising. You can opt-out of the sale of your personal data and targeted advertising by using this toggle switch. For more information on your rights as a United States consumer see our privacy notice. These cookies may be set through our site by our advertising partners. They may be used by those companies to build a profile of your interests and show you relevant adverts on other sites. They do not store directly personal information, but are based on uniquely identifying your browser and internet device. If you do not allow these cookies, you will experience less targeted advertising. These cookies allow us to count visits and traffic sources so we can measure and improve the performance of our site. They help us to know which pages are the most and least popular and see how visitors move around the site. All information these cookies collect is aggregated and therefore anonymous. If you do not allow these cookies we will not know when you have visited our site, and will not be able to monitor its performance. These cookies are set by a range of social media services that we have added to the site to enable you to share our content with your friends and networks. They are capable of tracking your browser across other sites and building up a profile of your interests. This may impact the content and messages you see on other websites you visit. If you do not allow these cookies you may not be able to use or see these sharing tools.",https://www.washingtonpost.com/education/2024/04/23/map-student-protests-arrests-universities-us/
2024-04-23,Washington Post,"Hundreds of American University students rallied Tuesday before marching to the president’s office building to demand that the administration divest from Israel as protests against the war in Gazaspread and intensifyat campuses across the country. These cookies are necessary for the website to function and cannot be switched off in our systems. They are usually only set in response to actions made by you which amount to a request for services, such as setting your privacy preferences, logging in or filling in forms. You can set your browser to block or alert you about these cookies, but some parts of the site will not then work. These cookies do not store any personally identifiable information. As a California consumer, you have the right to opt-out from the sale or sharing of your personal information at any time across business platform, services, businesses and devices. You can opt-out of the sale and sharing of your personal information by using this toggle switch. As a Virginia, Utah, Colorado and Connecticut consumer, you have the right to opt-out from the sale of your personal data and the processing of your personal data for targeted advertising. You can opt-out of the sale of your personal data and targeted advertising by using this toggle switch. For more information on your rights as a United States consumer see our privacy notice. These cookies may be set through our site by our advertising partners. They may be used by those companies to build a profile of your interests and show you relevant adverts on other sites. They do not store directly personal information, but are based on uniquely identifying your browser and internet device. If you do not allow these cookies, you will experience less targeted advertising. These cookies allow us to count visits and traffic sources so we can measure and improve the performance of our site. They help us to know which pages are the most and least popular and see how visitors move around the site. All information these cookies collect is aggregated and therefore anonymous. If you do not allow these cookies we will not know when you have visited our site, and will not be able to monitor its performance. These cookies are set by a range of social media services that we have added to the site to enable you to share our content with your friends and networks. They are capable of tracking your browser across other sites and building up a profile of your interests. This may impact the content and messages you see on other websites you visit. If you do not allow these cookies you may not be able to use or see these sharing tools.",https://www.washingtonpost.com/education/2024/04/23/protests-american-university-israel-gaza-college-campus/
2024-08-30,Washington Post,"D.C.-area colleges are preparing for fall demonstrations and announcing new protest policies amid lingering tensions over the Israel-Gaza war and other issues. Two pro-Palestinian student groups at George Washington University say they have been suspended by the university. American University, and theUniversity of Virginiaannounced new policies for protesting. And the University of Maryland limited events on Oct. 7 after a controversy over possible action by pro-Palestinian groups that day. These cookies are necessary for the website to function and cannot be switched off in our systems. They are usually only set in response to actions made by you which amount to a request for services, such as setting your privacy preferences, logging in or filling in forms. You can set your browser to block or alert you about these cookies, but some parts of the site will not then work. These cookies do not store any personally identifiable information. As a California consumer, you have the right to opt-out from the sale or sharing of your personal information at any time across business platform, services, businesses and devices. You can opt-out of the sale and sharing of your personal information by using this toggle switch. As a Virginia, Utah, Colorado and Connecticut consumer, you have the right to opt-out from the sale of your personal data and the processing of your personal data for targeted advertising. You can opt-out of the sale of your personal data and targeted advertising by using this toggle switch. For more information on your rights as a United States consumer see our privacy notice. These cookies may be set through our site by our advertising partners. They may be used by those companies to build a profile of your interests and show you relevant adverts on other sites. They do not store directly personal information, but are based on uniquely identifying your browser and internet device. If you do not allow these cookies, you will experience less targeted advertising. These cookies allow us to count visits and traffic sources so we can measure and improve the performance of our site. They help us to know which pages are the most and least popular and see how visitors move around the site. All information these cookies collect is aggregated and therefore anonymous. If you do not allow these cookies we will not know when you have visited our site, and will not be able to monitor its performance. These cookies are set by a range of social media services that we have added to the site to enable you to share our content with your friends and networks. They are capable of tracking your browser across other sites and building up a profile of your interests. This may impact the content and messages you see on other websites you visit. If you do not allow these cookies you may not be able to use or see these sharing tools.",https://www.washingtonpost.com/education/2024/08/30/dc-area-colleges-fall-demonstrations/
2024-09-12,Washington Post,"Since the pro-Palestinian demonstrations last spring, some colleges have added new restrictions. A call for a “day of action” on Thursday may test them. At the University of Connecticut, camping is not allowed. At the University of California, there’s a systemwide ban on masks worn to intimidate others or hide one’s identity. And at Indiana University, protesters must stay 25 feet away from the entrance to school buildings. These cookies are necessary for the website to function and cannot be switched off in our systems. They are usually only set in response to actions made by you which amount to a request for services, such as setting your privacy preferences, logging in or filling in forms. You can set your browser to block or alert you about these cookies, but some parts of the site will not then work. These cookies do not store any personally identifiable information. As a California consumer, you have the right to opt-out from the sale or sharing of your personal information at any time across business platform, services, businesses and devices. You can opt-out of the sale and sharing of your personal information by using this toggle switch. As a Virginia, Utah, Colorado and Connecticut consumer, you have the right to opt-out from the sale of your personal data and the processing of your personal data for targeted advertising. You can opt-out of the sale of your personal data and targeted advertising by using this toggle switch. For more information on your rights as a United States consumer see our privacy notice. These cookies may be set through our site by our advertising partners. They may be used by those companies to build a profile of your interests and show you relevant adverts on other sites. They do not store directly personal information, but are based on uniquely identifying your browser and internet device. If you do not allow these cookies, you will experience less targeted advertising. These cookies allow us to count visits and traffic sources so we can measure and improve the performance of our site. They help us to know which pages are the most and least popular and see how visitors move around the site. All information these cookies collect is aggregated and therefore anonymous. If you do not allow these cookies we will not know when you have visited our site, and will not be able to monitor its performance. These cookies are set by a range of social media services that we have added to the site to enable you to share our content with your friends and networks. They are capable of tracking your browser across other sites and building up a profile of your interests. This may impact the content and messages you see on other websites you visit. If you do not allow these cookies you may not be able to use or see these sharing tools.",https://www.washingtonpost.com/education/2024/09/12/new-college-protest-rules/
2024-10-07,Washington Post,"Pro-Palestinian and pro-Israel rallies nationwide mark the one-year anniversary of the Hamas attack that sparked the ongoing war in Gaza. NEW YORK — One year after Hamas militants orchestrated a violent attack in Israel, activists took to college campuses and city streets across the country to mark the anniversary, with some launching pro-Palestinian “week of rage” protests and others hosting remembrances of Israelis who were killed or taken hostage. These cookies are necessary for the website to function and cannot be switched off in our systems. They are usually only set in response to actions made by you which amount to a request for services, such as setting your privacy preferences, logging in or filling in forms. You can set your browser to block or alert you about these cookies, but some parts of the site will not then work. These cookies do not store any personally identifiable information. As a California consumer, you have the right to opt-out from the sale or sharing of your personal information at any time across business platform, services, businesses and devices. You can opt-out of the sale and sharing of your personal information by using this toggle switch. As a Virginia, Utah, Colorado and Connecticut consumer, you have the right to opt-out from the sale of your personal data and the processing of your personal data for targeted advertising. You can opt-out of the sale of your personal data and targeted advertising by using this toggle switch. For more information on your rights as a United States consumer see our privacy notice. These cookies may be set through our site by our advertising partners. They may be used by those companies to build a profile of your interests and show you relevant adverts on other sites. They do not store directly personal information, but are based on uniquely identifying your browser and internet device. If you do not allow these cookies, you will experience less targeted advertising. These cookies allow us to count visits and traffic sources so we can measure and improve the performance of our site. They help us to know which pages are the most and least popular and see how visitors move around the site. All information these cookies collect is aggregated and therefore anonymous. If you do not allow these cookies we will not know when you have visited our site, and will not be able to monitor its performance. These cookies are set by a range of social media services that we have added to the site to enable you to share our content with your friends and networks. They are capable of tracking your browser across other sites and building up a profile of your interests. This may impact the content and messages you see on other websites you visit. If you do not allow these cookies you may not be able to use or see these sharing tools.",https://www.washingtonpost.com/education/2024/10/07/israel-gaza-college-protests-october-7-attacks/
2024-09-04,Washington Post,"The Ivy League school reopened for the fall term with a small number of arrests and mixed feelings about the year ahead. NEW YORK — Students were lying in the grass at Columbia University on the first day of classes Tuesday, posing for photos with the furry lion mascot in the center of campus and lining up for free cups of lemon and raspberry sorbet. But as people were enjoying the sunshine on the steps of the school’s administration building midday, someone splashed red paint onto the school’s iconic Alma Mater sculpture. It dripped down like blood onto her face, over her carved robes anddown the granite steps. Just outside the school’s gates on Broadway — one of the few entrances to the Morningside campus that wasn’t locked, open only to people with a school ID and their preregistered guests — dozens of protesters, some wearing kaffiyehs covering all but their eyes, marched to a pulse of heavy drumbeats. Chanting about the Palestinian territories and ringing bells, they yelled at people not to cross their picket line. Protesters asked students to put aside their excitement for the new school year: “WHILE YOU’RE LEARNING, GAZA’S BURNING,” a line from a leaflet read in all-caps. In the months since the Ivy League school erupted into chaos this spring, galvanizing a national protest movement and federal scrutiny, thousands of students, faculty, alumni and lawmakers have wondered: What next? So far, the answer is more protests, such as those at the University of Michigan and Cornell University last week, that kicked off with the start of fall classes but were not nearly as intense as those that occurred at the end of last school year. Other schools that faced heated protests in the spring, such as the University of Southern California, have, like Columbia, also tightened security. USC’s “24/7 secured perimeter” will be in place for the “foreseeable future,” according to a recent announcement. SomeColumbiastudents said they think peace and trust on campus will depend on whether police are called to disband protests — and wondered whether protesters are strategizing ways to cause enough disruption to attract attention to their cause. They disagreedon the extent of the disruption, with some students saying they found thecurrent protestintimidating, some applauding it, and others saying it didn’t interrupt classes orevents on the school’s lawns. The university’s interim president, whowelcomed them to the new academic year, helped serve ice cream Tuesday afternoon. Several students said they were more annoyed by security restrictions that delayed them getting to class than the protests. A spokesman for the city police confirmed a small number of arrests were made but said he did not yet have a final tally. Adam Lehman, the president and chief executive officer of Hillel International, said after a difficult year many colleges strengthened policies and enforcement to prepare for a calmer fall. At the same time, he said, protest groups were also hard at work on strategies and plans to disrupt and drive their message home. New tactics are already emerging. “I know it will be a messy fall semester,” Lehman said. Next week could bring another wave of protests. The National Students for Justice in Palestine (SJP) havecalled for a day of actionon Sept. 12. Elizabeth Howell-Egan, a third-year law student who is the USC SJP spokesperson, said protesters are steadfast, and tension is still in the air, because last school year ended on such a bad note. USC, she said, wants “people to be civically engaged and be involved in the democratic process but, again, only when it’s not disruptive. Only when it’s approved. “You expect more of spaces that are meant to foster freedom of expression, creativity and engagement — but that choose not to in favor of stifling, suppressing, and shooting down that whole process,” she said. At UCLA, which saw some of the mostintense proteststhis spring, Adam Tfayli, a Lebanese junior and UCLA’s new student body president — the first Arab and international student in the position — said he is “very pro-Palestinian” but his role is “to represent everyone.” “Columbia was the first domino, but other campuses now realize how unique we are,” he said. “Change here will look different than change elsewhere.” Mariam Jallow, the new student body president for Columbia College, who described herself as “neutral” when it comes to the issue of Israel and the Palestinian territories, said she has been feeling hopeful about the new year. “Lots of students I’ve talked to on both sides have said, ‘Last semester was crazy, and I hope it never gets like that again.’” “There’s a feeling of helplessness,” she said, “whether about the humanitarian crisis or the hostages. It’s hard.” On Columbia’s campus Tuesday, new students crowded around tables to learn about activities, grabbing freebies such as squeezable lion toys and iced lemonade. Many said they were thrilled to be there. Ruobing Zhang, a graduate student from China studying data science, was surprised by the protest and unsure why it was happening. But so far school has been fun, she said. “People here are so nice and welcoming.” Prerana Gambhir, a business school student from Vancouver, Canada, had some difficulty getting onto campus that morning amid the protest. She hadn’t brought her school ID and wasn’t sure where to stand in the long line to get in, but she was beaming about the prospect of starting her MBA classes. Tara Tha, a new student at the Teachers College, said she was proud of anyone who stands up for any kind of injustice. As workers hosed paint off the Alma Mater sculpture, then vacuumed up the mess, Alexandra Rapp questioned why there were so many security officers stationed around. “I wanted to be hopeful,” she said. At her college last year she documented protests as a photographer. On Tuesday she was disappointed by the difficulty getting in. “The line to get into campus was insane,” she said. “I didn’t really love that energy.” Brian Cohen, the Lavine Family executive director of the Kraft Center for Jewish Student Life, sent a message to students Tuesday. “Although we affirm the right to peaceful protest, we want to name that the rhetoric outside the gates today is jarring and upsetting for many of us,” he wrote. “The signs we saw at the picket line were harassing and intended to intimidate students. This is simply unacceptable.” Naomi Abergel, a student from Los Angeles who transferred from a community college, said while she supports freedom of speech it shouldn’t mean freedom from consequence. When people call for intifada it feels personal; she’s Jewish, lost family on Oct. 7, she said, and her sister is a soldier in Israel. Columbia was the epicenter of the wave of demonstrations and crackdowns that upended colleges across the country at the end of lastschool year. Those protests spurred legal scrutiny, including from federal lawmakers. Last week, leaders of two House committees demanded plans for the coming year from Columbia and other schools, just after the House Committee on Education and the Workforce issued subpoenas to Columbia leaders. The school year hadended in turmoil, with protesters barricading themselves in a prominent academic building until a phalanx ofpolice forced them out, campus gates barred to even many students and faculty members, final classes and exams held virtually, and the school’s university-widecommencementcanceled. “It’s a hard jobfor the administration to rebuild trust,” said Sloane Goldberg, a senior from Seattle who is Jewish. “And also for the student body to rebuild trust with each other.” The first time police were called in, to shut down an April protest, felt dystopian, Goldberg said. She was standing in the middle of campus and could see officers surrounding the perimeter. An email popped in with the announcement that the school had called police to campus. At the same moment, she said, police began to walk in. “I don’t think anyone’s really picked up on how deeply the administration broke students’ trust and made them feel unsafe,” she said. “It is scary to watch cops drag your classmates out in front of you … regardless of whether you agree with them or not.” As summer ended, many students wondered if the school would be able to restore a balance between free speech and student safety. But August brought major change to the school. Katrina A. Armstrong, the chief executive of Columbia’s Irving Medical Center, stepped in as interim president last month when the school’s president,Minouche Shafik, resigned. Armstrong spoke at convocations for new students as the new school year began, acknowledging the weight of the past year and the sense of betrayal many felt. She also told them, “Everyone needs to feel engaged, that their voices matter, and that they belong here.” She had already announced new policies aimed at restoring order, and — after a year in which multiple prominent donors have announced they were pausing donations amid concerns about the school’s response to campus antisemitism — a historic gift to the medical school: $400 million from Roy and Diana Vagelos. On Friday, Columbia released a report from an antisemitism task force which described “serious and pervasive” problems on campus. After listening sessions with nearly 500 students over months last year, the report described hateful rhetoric, antisemitic tropes and confrontations between students. Visibly observant Jewish students were “frequently met with extreme hostility,” they found, with students reporting friends being spat upon and accused of loving genocide. Students had felt shunned from clubs because of their beliefs and described friendships ending. And while the task force was focused on antisemitism, it found instances of bias against other groups, including Muslim, Arab and Asian students, and recommended improvements to policies, enforcement and dispute resolution. People also told of Jewish students who supported Palestinian rights being verbally assaulted. “What we uncovered is these systems are not just broken around antisemitism,” said Ester Fuchs, a professor of international and public affairs and political science, and a co-chair of the task force. “They’re broken in this whole space of inclusion and diversity. They’re broken for the Islamic community and for the Asian community.” Armstrong read a draft of the report the day she was appointed to the interim presidency, Fuchs said, and called the task force leaders and urged them to release the information as quickly as possible. Armstrong has already begun work that they called for, as the campus moves from one crisis into, potentially, another one, Fuchs said. As the semester begins, she said, “None of us are under any illusions that this is over.” Danielle Douglas-Gabriel contributed to this report. These cookies are necessary for the website to function and cannot be switched off in our systems. They are usually only set in response to actions made by you which amount to a request for services, such as setting your privacy preferences, logging in or filling in forms. You can set your browser to block or alert you about these cookies, but some parts of the site will not then work. These cookies do not store any personally identifiable information. As a California consumer, you have the right to opt-out from the sale or sharing of your personal information at any time across business platform, services, businesses and devices. You can opt-out of the sale and sharing of your personal information by using this toggle switch. As a Virginia, Utah, Colorado and Connecticut consumer, you have the right to opt-out from the sale of your personal data and the processing of your personal data for targeted advertising. You can opt-out of the sale of your personal data and targeted advertising by using this toggle switch. For more information on your rights as a United States consumer see our privacy notice. These cookies may be set through our site by our advertising partners. They may be used by those companies to build a profile of your interests and show you relevant adverts on other sites. They do not store directly personal information, but are based on uniquely identifying your browser and internet device. If you do not allow these cookies, you will experience less targeted advertising. These cookies allow us to count visits and traffic sources so we can measure and improve the performance of our site. They help us to know which pages are the most and least popular and see how visitors move around the site. All information these cookies collect is aggregated and therefore anonymous. If you do not allow these cookies we will not know when you have visited our site, and will not be able to monitor its performance. These cookies are set by a range of social media services that we have added to the site to enable you to share our content with your friends and networks. They are capable of tracking your browser across other sites and building up a profile of your interests. This may impact the content and messages you see on other websites you visit. If you do not allow these cookies you may not be able to use or see these sharing tools.",https://www.washingtonpost.com/education/2024/09/04/columbia-university-israel-gaza-student-protests/
2025-04-24,Washington Post,"Officials said ICE arrested Mahmoud Khalil, the first high-profile pro-Palestinian protester detained by the administration, because he was a flight risk. Federal agents did not have a warrant when they arrestedMahmoud Khalil, a Columbia University student who had been an outspoken advocate for Palestinian rights, according to court documents. Attorneys for the government argued that while generally an arrest warrant must be obtained, there is an exception to the requirement if the immigration officer “has reason to believe that the individual is likely to escape before a warrant can be obtained.” Attorneys for Khalil, who had a green card marking him as a legal permanent resident, have asked an immigration judge to end efforts to deport him. In response, attorneys for the government argued that Khalil was not cooperative when officers stopped him in his apartment building lobby last month, and that he told them that he would leave. “This is clearly yet another desperate attempt by the Trump administration to justify its unlawful arrest and detention of human rights defender Mahmoud Khalil, who is now, by the government’s own tacit admission, a political prisoner of the United States,” said Amy Greer, an attorney representing him who said in a statement that she was on the phone with Khalil and his wife that night as he remained calm and complied with orders. “Khalil was encountered by ICE officers and identified as a removable alien,"" Department of Homeland Security Assistant Secretary Tricia McLaughlin said in a statement Friday. ""When he tried to walk away, he was arrested. An administrative arrest warrant was executed at the time of his booking as is the custom. Khalil is arguing in immigration court that an arrest warrant is necessary prior to the arrest of a removable alien. ""There is no legal basis for that position.” Khalil’sarrest and detention last monthin the lobby of university-owned housing was the first salvo in the Trump administration’s crackdown on international students who had joined protests over the Israel-Gaza war. President Donald Trump said Khalil would be the first of many foreign students removed from the country for “pro-jihadist” activities on college campuses, making good on a campaign promise. The case prompted demonstrations across the country involvingadvocates who warned that Khalil’s arrestwould chill freedom of speech. Meanwhile, some Jewish people and others applauded what they viewed as forceful steps to improve students’ safety on campus after incendiary protests last year. Secretary of State Marco Rubio had said in a memo submitted to the court that Khalil and another student helped foster a hostile environment for Jewish students in the United States and that their presence would “undermine U.S. policy to combat antisemitism around the world and in the United States, in addition to efforts to protect Jewish students from harassment and violence.” Khalil’s attorneys also filed attestations this week from people, including Jewish students, contesting government claims that he was antisemitic. This month,a Louisiana judge ruled that Khalil is eligible for deportationbased on the government’s allegation that he is a threat to U.S. foreign policy. She set a deadline this week for his attorneys to delay or prevent the government from removing him to Algeria, where he is a citizen, or to Syria, where he was born. This week, Khalil’s wife, Noor Abdalla, said Khalil was not in New York for the birth of their first child because Immigration and Customs Enforcement officialsdeclined a request to grant Khalil a temporary releasefrom the detention center in Louisiana where he is being held. Attorneys for the government described in court documents how Khalil was being surveilled by agents of ICE Homeland Security Investigations on March 8. During that surveillance, an HSI supervisory agent received a notification from ICE Enforcement Removal Operations. It said that a charge of removability based on a section of the Immigration and Nationality Act “had been approved and was supported by the Secretary of State’s determination that the respondent’s presence or activities in the United States would have serious adverse foreign policy consequences for the United States.” An agent observed someone believed to be Khalil and asked him for identification. Khalil provided a driver’s license from another country, according to court documents, and his wife said she would get his green card from their apartment upstairs. Despite a request that Khalil cooperate, according to court documents, he said “he would not cooperate and that he was going to leave the scene.” The agent believed there was a flight risk, the brief contends, and arrest was necessary. Khalil’s wife filmed the encounter after she returned with his green card. “There’s no reason they couldn’t get a warrant,” said Baher Azmy, legal director of the Center for Constitutional Rights, which is representing Khalil. “Now they are fatuously lying about some emergency that required his arrest when the whole world saw how cooperative and calm he was.” Attorneys for the government say DHS was not required to obtain an arrest warrant, because Khalil’s actions gave them reason to believe he would escape before they could obtain one. They also noted that Khalil “had failed to carry his alien registration receipt card on his person, which is a misdemeanor” under the Immigration and Nationality Act. “It’s a lawless action,” Azmy said. “If they can just go into anyone’s home, without convincing a neutral judge — it’s an abuse of power.” David Nakamura contributed to this report. These cookies are necessary for the website to function and cannot be switched off in our systems. They are usually only set in response to actions made by you which amount to a request for services, such as setting your privacy preferences, logging in or filling in forms. You can set your browser to block or alert you about these cookies, but some parts of the site will not then work. These cookies do not store any personally identifiable information. As a California consumer, you have the right to opt-out from the sale or sharing of your personal information at any time across business platform, services, businesses and devices. You can opt-out of the sale and sharing of your personal information by using this toggle switch. As a Virginia, Utah, Colorado and Connecticut consumer, you have the right to opt-out from the sale of your personal data and the processing of your personal data for targeted advertising. You can opt-out of the sale of your personal data and targeted advertising by using this toggle switch. For more information on your rights as a United States consumer see our privacy notice. These cookies may be set through our site by our advertising partners. They may be used by those companies to build a profile of your interests and show you relevant adverts on other sites. They do not store directly personal information, but are based on uniquely identifying your browser and internet device. If you do not allow these cookies, you will experience less targeted advertising. These cookies allow us to count visits and traffic sources so we can measure and improve the performance of our site. They help us to know which pages are the most and least popular and see how visitors move around the site. All information these cookies collect is aggregated and therefore anonymous. If you do not allow these cookies we will not know when you have visited our site, and will not be able to monitor its performance. These cookies are set by a range of social media services that we have added to the site to enable you to share our content with your friends and networks. They are capable of tracking your browser across other sites and building up a profile of your interests. This may impact the content and messages you see on other websites you visit. If you do not allow these cookies you may not be able to use or see these sharing tools.",https://www.washingtonpost.com/education/2025/04/24/ice-arrest-mahmoud-khalil-no-warrant/
2025-05-07,Washington Post,"Some pro-Palestinian demonstrators were arrested after taking over part of a library to decry the war in Gaza. Columbia University called the takeover “outrageous.” New York City police arrested dozens of masked protesters on Columbia University’s campus Wednesday evening after they took over part of a central library while students were trying to study for final exams. New York MayorEric Adams said Wednesday eveningthat city policewere entering the campusto remove people who were trespassing. He said the city would defend the right to protest peacefully but would never defend lawlessness. The Columbia Spectator, a campus newspaper,reportedthat dozens of protesters had been arrested after 7 p.m. New York police confirmed that multiple arrests had been made. The Ivy League university’s acting president, Claire Shipman, said two public safety officers had been injured as a crowd surged with people trying to force their way in. “These actions are outrageous,” she said in amessage to the campus community. Disruptions to academic activity will not be tolerated, she said, and “Columbia strongly condemns violence on our campus, antisemitism and all forms of hate and discrimination, some of which we witnessed today.” Students not involved in the protest were allowed to leave the library, according to an earlier university statement. Protesters were asked to show ID and disperse and were warned of consequences. Shortly before 7 p.m., protesterssaid on social mediathat they refuse to show their IDs “under militarized arrest. We refuse to go down quietly.” Some students at the library said on social media that protesters were vandalizing the library with graffiti slogans such as “COLUMBIA WILL BURN 4 THE MARTYRS,” and that there were scuffles with officers. Invideofrom the scene, crowds can be seen pushing against doors of the library. The protest started not long after aHouse committeefinished questioning three college presidents about campus antisemitism in the wake of protests over the Israel-Gaza war. Columbia was the epicenter of protests last year and is underintense federal scrutiny; earlier this year, the Trump administration announced research funding cuts of$400 millionto the school, saying it had failed to protect Jewish students from discrimination. The administration’s antisemitism task force has launched numerous investigations of colleges andthreatened fundingat multiple universities. This spring, severalinternational Columbia studentswith lawful permanent resident status have been sought or detained for deportation in connection with pro-Palestinian protests. The Trump administration has vowed to deport protesters, who officials have claimed were “pro-jihadist.” In March, graduate studentMahmoud Khalil, who helped lead negotiations last spring between protesters and university administrators, wasseized by U.S. Immigration and Customs Enforcement agentsand is being held in detention in Louisiana. Like several others targeted, Khalil has challenged that in immigration and federal court. He alleges the government is unlawfully detaining him for his political views, in violation of his constitutional right to free speech. Free-speech advocates have said Khalil and other detained international students are political prisoners. President Donald Trump called Khalil a “Radical Foreign Pro-Hamas Student” and said in asocial media postthat the arrest was the “first arrest of many” for those “who have engaged in pro-terrorist, anti-Semitic, anti-American activity.” Columbia University Apartheid Divest, a pro-Palestinian protest group on campus,posted on social mediathat the library’s main reading room had been seized and renamed in recognition of Palestinian scholar and revolutionary Basel al-Araj.The groupshared photosand wrote onsocial media, “When Columbia speaks of its rich history and commitment to upholding its values, these are the values it speaks of: death dealing, displacement, imperialism, segregation, colonialism, nazism, state violence, abductions, anti-Black racism, zionism, and white western hegemony.” The group reiterated its demands Wednesday night, including divestment; amnesty for students, faculty and staff facing university discipline; and the removal of police and ICE agents from the campus. In an email, protesters wrote: “We are not intimidated by the university’s repression. Columbia cannot ‘expel’ the student intifada. As the zionist entity escalates its decimation of Gaza, students must escalate across every university.” Columbia/Barnard Hillel Executive Director Brian Cohen said in a statement Wednesday that he was grateful to the public safety officers who, “at great risk to themselves, tried to stop the protesters from storming the library. The University must act quickly and decisively to discipline every student involved in today’s takeover, and the local authorities must do the same for non-students involved.” The protest camea year afterdemonstrators seized a building on the Ivy League campus, leading to dozens of arrests, and set up a protest encampment that touched off similar demonstrations at colleges across the country. Earlier this week, a protest at the University of Washington sparked a quick response from the Trump administration. A building takeover by protesters Monday led to the arrest of 34 people, including 21 students who were also suspended and banned from all UW campuses. Nonstudents who were arrested were banned from the school’s Seattle campus, as well. The protest spanned several hours and significantly damaged the inside and outside of an engineering building, with protesters setting fire to trash receptacles outside and delaying first responders from entering,according to university officials. An early estimate of damage was $1 million. On Tuesday, the federal Task Force to Combat Anti-Semitism announced that it was initiating a review of the university. University of Washington officials said Wednesday evening that the school fully complies with Title VI and other federal civil rights laws. “We also recognize the need to continually improve and have for many months been taking concrete actions to improve the campus climate for Jewish students, faculty, staff and visitors,” officials wrote in a statement. These cookies are necessary for the website to function and cannot be switched off in our systems. They are usually only set in response to actions made by you which amount to a request for services, such as setting your privacy preferences, logging in or filling in forms. You can set your browser to block or alert you about these cookies, but some parts of the site will not then work. These cookies do not store any personally identifiable information. As a California consumer, you have the right to opt-out from the sale or sharing of your personal information at any time across business platform, services, businesses and devices. You can opt-out of the sale and sharing of your personal information by using this toggle switch. As a Virginia, Utah, Colorado and Connecticut consumer, you have the right to opt-out from the sale of your personal data and the processing of your personal data for targeted advertising. You can opt-out of the sale of your personal data and targeted advertising by using this toggle switch. For more information on your rights as a United States consumer see our privacy notice. These cookies may be set through our site by our advertising partners. They may be used by those companies to build a profile of your interests and show you relevant adverts on other sites. They do not store directly personal information, but are based on uniquely identifying your browser and internet device. If you do not allow these cookies, you will experience less targeted advertising. These cookies allow us to count visits and traffic sources so we can measure and improve the performance of our site. They help us to know which pages are the most and least popular and see how visitors move around the site. All information these cookies collect is aggregated and therefore anonymous. If you do not allow these cookies we will not know when you have visited our site, and will not be able to monitor its performance. These cookies are set by a range of social media services that we have added to the site to enable you to share our content with your friends and networks. They are capable of tracking your browser across other sites and building up a profile of your interests. This may impact the content and messages you see on other websites you visit. If you do not allow these cookies you may not be able to use or see these sharing tools.",https://www.washingtonpost.com/education/2025/05/07/columbia-university-library-gaza-protest/
2025-05-28,Washington Post,"The former Columbia student and pro-Palestinian activist remains in detention despite a federal judge’s partial ruling in his favor. A federal judge ruled Wednesday that Mahmoud Khalil, a student activist whom the government is seeking to deport, was likely to prevail in his argument that his detention was unconstitutional. But he declined to issue a preliminary injunction in the case, so Khalil will remain in detention — unlike severalother high-profile casesof internationalstudentstargeted for deportation by the Trump administration because of their pro-Palestinian activities. Khalil, who was seized at his Columbia University apartment in March by U.S. Immigration and Customs Enforcement officers seeking to deport him despite his lawful permanent resident status, has been in a detention center in rural Louisiana since March. Judge Michael Farbiarz, in U.S. District Court in New Jersey, ruled that Khalil was likely to succeed on the merits of his constitutional claim. But he denied Khalil’s motion for a preliminary injunction. The government has alleged that Khalil committed fraud by not disclosing all of his past associations when applying for his green card, claims his attorneys dispute. The judge asked for more information to rule further on Khalil’s demand for release from detention. Khalil’s attorneys said they would continue to fight. “The district court held what we already knew: Secretary Rubio's weaponization of immigration law to punish Mahmoud and others like him is likely unconstitutional,” the attorneys said in a statement. “We will work as quickly as possible to provide the court the additional information it requested supporting our effort to free Mahmoud or otherwise return him to his wife and newborn son.” Assistant Secretary Tricia McLaughlin of the Department of Homeland Security said, “Article II and federal statute clearly give President Trump the powers necessary to protect the safety and wellbeing of the American people. That’s the job the American people elected him to do, and that’s what he did here."" She said it is a privilege to be granted a visa to live and study in the United States of America. ""When you advocate for violence and terrorism that privilege should be revoked, and you should no longer be in this country. The Constitution, the facts, and common sense are on our side on this.” Khalil’s case — the first attempted deportation by the Trump administration of a lawful permanent resident based on involvement in campus protests — drew outrage from free-speech advocates and others who called his detention unconstitutional. Others welcomed it as a needed crackdown on what the administration has called pro-jihadist radicals who had made some Jewish students on campus feel unsafe. “This is a very significant step in the case,” said Elora Mukherjee, a professor at Columbia Law School. “It is a victory in terms of the court recognizing that the targeting of Mahmoud Khalil based on his protected speech violates the due process protection he should be afforded under the Constitution.” But it raises questions about what will happen next, she said, because the court needs more evidence to determine what to do with the charge related to his green-card application. “People around the world are watching to see what is happening in Mahmoud Khalil’s case as one of the most prominent examples of the Trump administration taking actions against international students in the United States,” Mukherjee said. “And I think the biggest takeaway that people will see is that he is still in detention in Louisiana, separated from his wife and his newborn baby and having missed his graduation. It is a symbol of the hostility of the executive branch to international students and lawful permanent residents right now.” An attorney for Khalil challenged his detention within hours of his arrest. His attorneys called his attempted removal atargeted and retaliatory action against a student protester because of constitutionally protected speech. The government has said Khalil must be deported to avoid adverse foreign policy consequences. Last month, Judge Jamee Comans in LaSalle Immigration Court in Jena, Louisianaruled that Khalil is eligible for deportation. Immigration judges, who are under the supervision of the Justice Department, are separate from the federal court system. At a detention center before a hearingearlier this month in immigration court in Louisiana, Khalil was able to see his wife and hold his infant son for the first time since he was detained. Khalil, in the case in federal court in New Jersey, challenged the government’s actions on constitutional grounds, arguing they are a violation of his rights to free speech and due process, among other claims. His attorneys sought a preliminary injunction and requested that he be released on bail. Ifhe remains in detention, they asked that he be moved from the Louisiana center to one in New Jersey, closer to his wife and baby. Secretary of State Marco Rubio said in a memo that Khalil and another student helped foster “a hostile environment for Jewish students in the United States,” and that their continued presence in the country would “undermine U.S. policy to combat antisemitism around the world and in the United States, in addition to efforts to protect Jewish students from harassment and violence.” Khalil’s previousrequests to meet with his family in person, rather than through a plexiglass shield, had been denied, with officials citing detention center policy that prohibited contact visits. His wife, Noor Abdalla, said in a statement recently that the denials were “calculated cruelty of a government that tears families apart without remorse.” Khalil’s attorneys asked the federal court to intervene. Last week, Farbiarz issued an order allowing Khalil to meet with his attorneys and family. Baher Azmy, an attorney for Khalil and legal director of the Center of Constitutional Rights, said the separation had been a “deprivation” and a “deeply painful experience.” McLaughlin said last week that Khalil had a contact visit with his wife and child before his court hearing. “But we’re offering him even more: use the CBP Home app to self-deport,” she said in an emailed statement. “The United States is offering illegal aliens $1,000 apiece and a free flight to self-deport now, which [Khalil] can take advantage of by scheduling his departure through CBP Home. Parents, who are here illegally, can take control of their departure with the CBP Home App.” Khalil, who grew up in a Palestinian refugee campin Syria, had been active in pro-Palestinian protests at Columbia. A few days after a demonstration in March, Khalil wasseized by ICE agentsin the lobby of his university-owned apartment building. He and his wife, who was pregnant at the time, were returning that evening whenhe was stopped. His wife got his green card from their apartment, but agents told him it had been revoked and led him away. Within hours, he was flown to the detention center in Louisiana. Rubio has said the case has nothing to do with free speech. He said Khalil supported Hamas, a U.S.-designated terrorist group, and that protests had made students afraid to go to class. He has also said that no one has a right to a student visa or a green card. President DonaldTrump, in apost on social media, called Khalil a “Radical Foreign Pro-Hamas Student.” Earlier this month, attorneys for the government argued in federal court against a preliminary injunction, writing that Khalil’s challenge is “a blatant attempt to second-guess the Executive’s foreign policy considerations.” In recent weeks, a series of rulings have freed several other students and international scholarsswept up in the Trump administration’s enforcement action. Earlier this month, a federal district judgeordered the releaseof Rumeysa Ozturk, a Turkish citizen who had co-written an opinion piece in a campus newspaper criticizing the school’s response to the Israel-Gaza war. She is still subject to deportation proceedings,but she was able to leave a Louisiana detention center and return to Massachusetts. Khalil would have received his diploma from Columbia’s School of International and Public Affairs in a commencement ceremony last week. Aaron Schaffer contributed to this report. These cookies are necessary for the website to function and cannot be switched off in our systems. They are usually only set in response to actions made by you which amount to a request for services, such as setting your privacy preferences, logging in or filling in forms. You can set your browser to block or alert you about these cookies, but some parts of the site will not then work. These cookies do not store any personally identifiable information. As a California consumer, you have the right to opt-out from the sale or sharing of your personal information at any time across business platform, services, businesses and devices. You can opt-out of the sale and sharing of your personal information by using this toggle switch. As a Virginia, Utah, Colorado and Connecticut consumer, you have the right to opt-out from the sale of your personal data and the processing of your personal data for targeted advertising. You can opt-out of the sale of your personal data and targeted advertising by using this toggle switch. For more information on your rights as a United States consumer see our privacy notice. These cookies may be set through our site by our advertising partners. They may be used by those companies to build a profile of your interests and show you relevant adverts on other sites. They do not store directly personal information, but are based on uniquely identifying your browser and internet device. If you do not allow these cookies, you will experience less targeted advertising. These cookies allow us to count visits and traffic sources so we can measure and improve the performance of our site. They help us to know which pages are the most and least popular and see how visitors move around the site. All information these cookies collect is aggregated and therefore anonymous. If you do not allow these cookies we will not know when you have visited our site, and will not be able to monitor its performance. These cookies are set by a range of social media services that we have added to the site to enable you to share our content with your friends and networks. They are capable of tracking your browser across other sites and building up a profile of your interests. This may impact the content and messages you see on other websites you visit. If you do not allow these cookies you may not be able to use or see these sharing tools.",https://www.washingtonpost.com/education/2025/05/28/mahmoud-khalil-detention-unconstitutional/
2025-04-22,Washington Post,"Mahmoud Khalil, a legal permanent resident, was involved in pro-Palestinian protests at Columbia. His wife, Noor Abdalla, gave birth to the couple’s first child. Detained Columbia University studentMahmoud Khalilmissed the birth of his first child after immigration officials denied a request for temporary release to attend, his wife said. Noor Abdalla said in a statement that she gave birth to a baby boy on Monday without her husband by her side, after Immigration and Customs Enforcement declined a request to grant Khalil temporary release from the Louisiana detention center where he is being held, so he could travel to New York for the birth. ICE referred a request for comment to the Department of Homeland Security. DHS officials did not immediately respond to a request. “This was a purposeful decision by ICE to make me, Mahmoud, and our son suffer,” Abdalla said, adding that her husband, a legal U.S. permanent resident, “remains unjustly detained.” “ICE and the Trump administration have stolen these precious moments from our family in an attempt to silence Mahmoud’s support for Palestinian freedom,” she said. On Sunday morning, according to documents reviewed by the Washington Post, members of Khalil’s legal team emailed an ICE official requesting that Khalil be furloughed for two weeks because his wife had gone into labor. The response came less than 35 minutes later: The request was denied. Khalil was able to call in for part of the delivery, according to his legal team. Khalil, a graduate student who became a prominent voice during last year’spro-Palestinian demonstrationsat Columbia University, was arrested at his New York apartment on March 8. He has been stripped of his green-card status and moved 1,300 miles away to the Central Louisiana ICE Processing Center in Jena. Earlier this month, an immigration judge in Louisianaruledthat Khalil was eligible for deportation, saying that he was a threat to U.S. foreign policy due to his involvement in pro-Palestinian activism. His lawyers said at the time they would appeal if the judge ordered his deportation and that they are pursuing other legal avenues that could keep him in the United States. Immigration judges are separate from the federal court system and are under the supervision of the Justice Department. Khalil has filed a federal lawsuit in New Jersey, where  he was briefly detained before being sent to Louisiana, arguing that his arrest was unconstitutional; Khalil’s legal team says that if that case is successful, his deportation could be blocked. ICE increasingly targets undocumented migrants with no criminal record Khalil was born and raised in a refugee camp in Syria and has Algerian citizenship. He studied at Columbia on a student visa and then became a legal permanent resident. His wife is a U.S. citizen from the Midwest. If he is deported, he could be sent to Syria or Algeria, the Louisiana immigration judge said. He is one of the most high-profile figures to have been arrested since the Trump administration begandetaining, attempting to deportor revoking the visas of international university students and academics. The State Department has citedsafeguardingU.S. foreign policy as a reason for revoking some international students’ legal immigration statuses. Some students, including Khalil, had been involved in campus activism over the war in Gaza. President Donald Trump has pledged to deport international students he alleges are engaging in “pro-terrorist, antisemitic, anti-American” protests, butcivil liberties groupssay the legal justifications used by the administration are tenuous and potentially unconstitutional. Other students arrested include green-card holder Mohsen Mahdawi, a prominent activist in the Columbia University protestswho was detained this monthas he attended an ICE office for a naturalization interview, a key step on the path to U.S. citizenship. In another case, ICE agents in MarchdetainedRumeysa Ozturk, a Fulbright scholar and PhD student at Tufts University who was in the United States on an F-1 student visa. Ozturk does not appear to have been a leading figure in the pro-Palestinian protests at Tufts, according to the Boston Globe. She co-authored an op-ed in the Tufts student newspaper in March 2024 criticizing the university’s response to the pro-Palestinian movement. AsThe Post reported, the State Department determined days before Ozturk’s arrest that the Trump administration had not produced any evidence showing that she had engaged in antisemitic activities or made public statements supporting a terrorist organization, the basis of Secretary of State Marco Rubio’s decision to revoke her visa and attempt to deport her. David Nakamura and Susan Svrluga contributed to this report. These cookies are necessary for the website to function and cannot be switched off in our systems. They are usually only set in response to actions made by you which amount to a request for services, such as setting your privacy preferences, logging in or filling in forms. You can set your browser to block or alert you about these cookies, but some parts of the site will not then work. These cookies do not store any personally identifiable information. As a California consumer, you have the right to opt-out from the sale or sharing of your personal information at any time across business platform, services, businesses and devices. You can opt-out of the sale and sharing of your personal information by using this toggle switch. As a Virginia, Utah, Colorado and Connecticut consumer, you have the right to opt-out from the sale of your personal data and the processing of your personal data for targeted advertising. You can opt-out of the sale of your personal data and targeted advertising by using this toggle switch. For more information on your rights as a United States consumer see our privacy notice. These cookies may be set through our site by our advertising partners. They may be used by those companies to build a profile of your interests and show you relevant adverts on other sites. They do not store directly personal information, but are based on uniquely identifying your browser and internet device. If you do not allow these cookies, you will experience less targeted advertising. These cookies allow us to count visits and traffic sources so we can measure and improve the performance of our site. They help us to know which pages are the most and least popular and see how visitors move around the site. All information these cookies collect is aggregated and therefore anonymous. If you do not allow these cookies we will not know when you have visited our site, and will not be able to monitor its performance. These cookies are set by a range of social media services that we have added to the site to enable you to share our content with your friends and networks. They are capable of tracking your browser across other sites and building up a profile of your interests. This may impact the content and messages you see on other websites you visit. If you do not allow these cookies you may not be able to use or see these sharing tools.",https://www.washingtonpost.com/immigration/2025/04/22/mahmoud-khalil-columbia-palestinian-activist-son-birth/
2024-04-30,Fox News,"This material may not be published, broadcast, rewritten, or redistributed. ©2026 FOX News Network, LLC. All rights reserved. Quotes displayed in real-time or delayed by at least 15 minutes. Market data provided byFactset. Powered and implemented byFactSet Digital Solutions.Legal Statement. Mutual Fund and ETF data provided byLSEG. Israeli special forces conduct a counterterrorism raid on the Jenin Camp. The area has become a hotbed of terrorism leading to attacks against Israelis. ( Video: IDF Spokesman's Unit.) The Israeli military deployed thousands of troops and drones in an attack on a Palestinian militant stronghold in the West Bank on Sunday night. Military officialsexpect the roughly 2,000 troops to remain in the West Bank city of Jenin for up to 48 hours after launching the operation. Palestinian officials say at least eight people were killed and 50 were wounded in the attack, which was larger than any operation Israel has carried out this year. ""The operational command center served as an advanced observation and reconnaissance center, a place where armed terrorists would gather before and after terrorist activities,"" the Israel Defense Forces (IDF) said in a statement, adding that it also served as ""a hub for coordination and communication among the terrorists."" ""Over the past hours, our security forces have been operating against terror hotspots in the city of Jenin. In the face of terrorism, we will take a proactive and decisive approach. Anyone who harms the citizens of Israel, will pay a heavy price,"" Israeli Defense Minister Yoav Gallant said in a statement. ""We are closely watching the actions of our enemies and Israel's defense establishment is prepared for every scenario. I commend the IDF and ISA for their determination and operations."" IRAN BUILDING NUCLEAR FACILITY DEEP ENOUGH THAT US BOMBS WOULD LIKELY BE INCAPABLE OF DESTROYING IT: REPORT Smoke rises during an Israeli raid on the city of Jenin in the West Bank, Monday, July 3, 2023. Israeli drones struck targets in a militant stronghold and thousands of troops were deployed in the area. Palestinian health officials said at least eight Palestinians were killed. Sunday's fighting centered around a mosque in Jenin that was being used as a base of operations. Israeli forces say they searched lower floors of the mosque where militants had barricaded themselves in and ""located two pits that contained explosive devices, weapons and military equipment affiliated with the terrorist organizations."" Prime Minister Benjamin Netanyahu held a virtual security assessment with top officials Monday morning to discuss the operation and prepare for any response. Israel is already preparing for potential rocket fire from Gaza. Participating in the conversation were the defense minister, the strategic affairs minister, the director of the ISA, the director of the National Security Council, the prime minister's chief of staff, the prime minister's military secretary, the head of IDF Intelligence, the head of IDF Operations, the coordinator of government activities in the territories, and the head of the IDF Intelligence Research Department. GAZA MILITANTS, ISRAEL EXCHANGE MORE AIRSTRIKES IN MOST VIOLENT CONFLICT IN MONTHS DESPITE CEASE-FIRE EFFORTS Prime Minister Benjamin Netanyahu held a virtual security assessment with top officials Monday morning to discuss the operation and prepare for any response.(Israeli PM's office) Jenin has been a hotbed of Palestinian terrorist activity for months, with Iranian-backed militants carrying out attacks within Israel. There have been several skirmishes in and around the city throughout 2023, withIsraeli forces carrying out operationstargeting specific individuals and strongholds. In late June, Israeli troops demolished the home of a Palestinian who was suspected of killing an Israeli soldier last year. Tires burn during an Israeli military raid in the Jenin refugee camp in the West Bank, Monday, July 3, 2023. The house belonged to Kamal Jouri, one of two Palestinians suspected of killing Staff Sgt. Ido Baruch in a drive-by shooting in the northern West Bank in October. He and a second suspect were arrested by the military in February, and the army demolished the second suspect's home earlier this month.A Palestinian militant groupcalled the Den of Lions claimed responsibility for the attack. The Associated Press contributed to this report. Anders Hagstrom is a reporter with Fox News Digital covering national politics and major breaking news events. Fox News' Antisemitism Exposed"" newsletter brings you stories on the rising anti-Jewish prejudice across the U.S. and the world."" By entering your email and clicking the Subscribe button, you agree to the Fox NewsPrivacy PolicyandTerms of Use, and
      agree to receive content and promotional communications from Fox News. You understand that you can
      opt-out at any time. You've successfully subscribed to this newsletter! This material may not be published, broadcast, rewritten, or redistributed. ©2026 FOX News Network, LLC. All rights reserved. Quotes displayed in real-time or delayed by at least 15 minutes. Market data provided byFactset. Powered and implemented byFactSet Digital Solutions.Legal Statement. Mutual Fund and ETF data provided byLSEG.",https://www.foxnews.com/world/israel-deploys-thousands-troops-drones-attack-jenin-stronghold-terrorism-hotspot
2024-04-30,Fox News,"This material may not be published, broadcast, rewritten, or redistributed. ©2026 FOX News Network, LLC. All rights reserved. Quotes displayed in real-time or delayed by at least 15 minutes. Market data provided byFactset. Powered and implemented byFactSet Digital Solutions.Legal Statement. Mutual Fund and ETF data provided byLSEG. Former deputy national security adviser Victoria Coates discusses attack by Palestinian man and Ukraine President Zelenskyy's July 4th message to Americans. Israeli military forces have withdrawn from the West Bank city of Jenin after completing a two-day operation. Palestinian leaders accused Israel of conducting an ""invasion"" of Jenin, whileIsraeli leaderssaid the raid was aimed at ""the Hamas terrorist organisation responsible for all terror activities emanating from the Gaza Strip."" One Israeli soldier and 12 Palestinians were killed in the skirmish. The conflict concluded amid an exchange of artillery when Israeli forces intercepted rockets fired byPalestinian militantsand responded with a series of airstrikes. ISRAELI FORCES REVEAL WEAPONS CACHES HIDDEN UNDER PALESTINIAN MOSQUE AFTER RAID Palestinian militants march during the funeral of Palestinians killed in clashes the previous day in the Israeli military operation in Jenin in the West Bank on July 5, 2023. The Israeli military launched the raid on the Jenin refugee camp early on July 3, during which 12 Palestinians and one Israeli soldier were killed.(Photo by JAAFAR ASHTIYEH/AFP via Getty Images) ""Whoever thinks that such an attack will deter us from continuing our fight against terrorism is mistaken,"" said Israeli Prime Minister Benjamin Netanyahu. ""We will continue as long as necessary to uproot terrorism. We will not allow Jenin to go back to being a city of refuge for terrorism,"" he added. GAZA MILITANTS, ISRAEL EXCHANGE MORE AIRSTRIKES IN MOST VIOLENT CONFLICT IN MONTHS DESPITE CEASE-FIRE EFFORTS Smoke rises during an Israeli military raid of the militant stronghold of Jenin in the West Bank, Monday, July 3, 2023. Israeli drones struck targets in a militant stronghold in the occupied West Bank early Monday, and hundreds of troops were deployed in the area. Palestinian health officials said at least five Palestinians were killed.(AP Photo/Majdi Mohammed) Israeli forces revealed images of weapons caches found in secret underground rooms beneath a mosque in Jenin on Tuesday. Israeli officials say troops acted on ""precise"" intelligence from the Israeli Security Agency and used ""advanced technological tools to investigate theterrorist infrastructureembedded inside"" the mosque. Footage shows Israeli troops sorting through stashes of explosives and weapons. People attend the funeral of 10 Palestinians killed during the Israeli airstrikes and raids over Jenin Refugee Camp in Jenin, West Bank on July 5, 2023.(Photo by Issam Rimawi/Anadolu Agency via Getty Images) Jenin has been a hotbed of Palestinian terrorist activity for months, with Iranian-backed militants using it as a base to carry out attacks within Israel. There have been several skirmishes in and around the city throughout 2023, withIsraeli forces carrying out operationstargeting specific individuals and strongholds. Fox News' Anders Hagstrom contributed to this report. Timothy Nerozzi is a writer for Fox News Digital. You can follow him on Twitter @timothynerozzi and can email him at timothy.nerozzi@fox.com Fox News' Antisemitism Exposed"" newsletter brings you stories on the rising anti-Jewish prejudice across the U.S. and the world."" By entering your email and clicking the Subscribe button, you agree to the Fox NewsPrivacy PolicyandTerms of Use, and
      agree to receive content and promotional communications from Fox News. You understand that you can
      opt-out at any time. You've successfully subscribed to this newsletter! This material may not be published, broadcast, rewritten, or redistributed. ©2026 FOX News Network, LLC. All rights reserved. Quotes displayed in real-time or delayed by at least 15 minutes. Market data provided byFactset. Powered and implemented byFactSet Digital Solutions.Legal Statement. Mutual Fund and ETF data provided byLSEG.",https://www.foxnews.com/world/israel-completes-withdrawal-jenin-exchange-rockets-airstrikes
2024-04-30,Fox News,"This material may not be published, broadcast, rewritten, or redistributed. ©2026 FOX News Network, LLC. All rights reserved. Quotes displayed in real-time or delayed by at least 15 minutes. Market data provided byFactset. Powered and implemented byFactSet Digital Solutions.Legal Statement. Mutual Fund and ETF data provided byLSEG. Fox News Flash top headlines are here. Check out what's clicking on Foxnews.com. Israeli military operations in the occupied West Bank and unrest in the Gaza Strip have killed six Palestinians, Palestinian health officials said Wednesday, the latest spike in a wave of violence that has roiled the region for more than a year. At least three of those killed were claimed as militant fighters. The death toll from the most recent flare-up stood at four late Tuesday. But on Wednesday the Palestinian Health Ministry raised it, saying an Israeli raid into the Jenin refugee camp in the northern West Bank killed four people and wounded some 30 others, while a raid in a separaterefugee campkilled another Palestinian. A sixth Palestinian was killed by Israeli fire in unrest in the Gaza Strip, officials said. The deadly violencebetween Israel and the Palestinians over the last year and a half has surged to levels unseen in the West Bank in some two decades. Israel has stepped up its raids on Palestinian areas and Palestinian attacks against Israelis have been mounting. Tensions also appear to be spreading to Gaza. ISRAELI RESEARCHERS FIND 'FOUR 1,900-YEAR-OLD, EXCELLENTLY PRESERVED' ROMAN SWORDS IN DEAD SEA CAVE The Israeli military said Wednesday that troops opened fire toward a Palestinian who was throwing explosives at them while they were on an overnight arrest raid in the refugee camp of Aqabat Jabr. The camp, near the Palestinian city of Jericho, has emerged as one of the focal points of Israel's raids. The Palestinian Health Ministry said Israeli forces killed 19-year-old Dhargham al-Akhras in the raid. The bloodshed in the Jenin camp hours earlier was the latest in that stronghold of Palestinian militants where the Israeli military often carries out deadly raids. In July, Israel launched its most intense operation in the West Bank in nearly two decades, leaving widespread destruction in the camp. The army said that forces carried out a rare strike Tuesday with a suicide drone during the operation and exchanged fire with gunmen in Jenin. While leaving the camp, the army said, an explosive detonated underneath an army truck as gunmen opened fire, damaging the vehicle. No soldiers were injured. A bullet hole is seen in a shop window following an Israeli military raid in the Jenin refugee camp on Sept. 20, 2023.(AP Photo/Majdi Mohammed) Three of those killed in Jenin were claimed as members of the Hamas militant group or the Palestinian Islamic Jihad and were identified as Mahmoud al-Sadi, 23, Mahmoud Ararawi, 24, and Ata Yasser Musa, 29. Videos posted on social media showed medics unloading the wounded at a hospital, while in other videos, explosions and gunfire could be heard echoing in the camp. As Israeli soldiers withdrew, a crowd of young men chanted: ""Oh, you who ask, who are we? We are the Jenin Brigade."" After the Israeli military withdrew from the Jenin camp, dozens of gunmen and residents poured into the streets to protest against the Palestinian Authority and its failure to protect them, according to footage shared by residents. DECONSTRUCTING THE FIRESTORM OF VIVEK RAMASWAMY'S ISRAEL COMMENTS Israel says the raids are meant to dismantle militant networks and thwart future attacks. Some 190 Palestinians have been killed in the West Bank since the start of the year, according to a tally by The Associated Press. Israel says most of those killed have been militants, but youths protesting the incursions and others not involved in the confrontations have also been killed. At least 31 people have been killed in Palestinian attacksagainst Israelissince the beginning of 2023. In the Gaza violence, health officials said the Israeli military killed a 25-year-old Palestinian along the volatile frontier with Israel as youths mounted violent protests at a separation fence. Unrest over the past week has escalated tensions and prompted Israel to bar entry to thousands of Palestinian laborers from the impoverished enclave. Over the last week, dozens of Palestinians — burning tires and hurling explosive devices at Israeli soldiers — have streamed toward the fence separating Israel from Gaza, which has been under an Israeli-Egyptian blockade since 2007. Israel says the blockade is needed to prevent the ruling Hamas militant group from arming itself. Hamas says youths have organized the protests in response to Israeli provocations. Israel captured the West Bank, east Jerusalem and the Gaza Strip in the 1967 Mideast war. The Palestinians seek those territories for their hoped-for independent state. Fox News' Antisemitism Exposed"" newsletter brings you stories on the rising anti-Jewish prejudice across the U.S. and the world."" By entering your email and clicking the Subscribe button, you agree to the Fox NewsPrivacy PolicyandTerms of Use, and
      agree to receive content and promotional communications from Fox News. You understand that you can
      opt-out at any time. You've successfully subscribed to this newsletter! This material may not be published, broadcast, rewritten, or redistributed. ©2026 FOX News Network, LLC. All rights reserved. Quotes displayed in real-time or delayed by at least 15 minutes. Market data provided byFactset. Powered and implemented byFactSet Digital Solutions.Legal Statement. Mutual Fund and ETF data provided byLSEG.",https://www.foxnews.com/world/6-palestinians-killed-latest-clash-against-israel-west-bank-gaza-strip
2024-04-30,Fox News,"This material may not be published, broadcast, rewritten, or redistributed. ©2026 FOX News Network, LLC. All rights reserved. Quotes displayed in real-time or delayed by at least 15 minutes. Market data provided byFactset. Powered and implemented byFactSet Digital Solutions.Legal Statement. Mutual Fund and ETF data provided byLSEG. Fox News Flash top headlines are here. Check out what's clicking on Foxnews.com. Israeli airstrikeshit several targets in the Gaza Strip on Tuesday, the country's military said, after Palestinian protesters flocked for the 12th straight day to the enclave's frontier with Israel — demonstrations that have devolved into violent clashes with Israeli security forces. There were no reports of casualties in Gaza from the Israeli airstrikes. The Israeli army said that it used a drone, helicopter and tank to strike multiple posts in northern and southern Gaza belonging to the strip's militant Hamas rulers in response to what it described as ""violent riots"" at the separation fence between Gaza and Israel. The protests involve Palestinians throwing stones and explosive devices, burning tires and, according to the Israeli military, shooting at Israeli soldiers. Palestinian health officials reported that Israeli forces shot and wounded 11 protesters during Tuesday's rally. Hamas, the Islamic militant group that seized control of Gaza in 2007, has said that young Palestinians have organized the protests in response to surging violence in the West Bankand alleged provocations in Jerusalem. In recent days Palestinians have also floated incendiary kites and balloons across the border into southern Israel, setting fire to farmland and unnerving Israeli civilian communities close to Gaza. FIGHT OVER JERUSALEM'S TEMPLE MOUNT HOLY SITE: WHY IS IT SO IMPORTANT TO JEWS, MUSLIMS AND CHRISTIANS?The unrest first erupted earlier this month, shortly after Hamas' Finance Ministry announced it was slashing the salaries of civil servants by more than half, deepening a financial crisis in the enclave that has staggered under an Israeli-Egyptian blockade for the past 16 years. Under arrangements stemming from past cease-fire understandings with Israel, the gas-rich emirate of Qatar pays the salaries of civil servants in the Gaza Strip, provides direct cash transfers to poor families and offers other kinds of humanitarian aid. Qatar’s Foreign Ministry said Saturday that it had begun the distribution of $100 cash transfers to some 100,000 needy families in the impoverished territory. Smoke rises from tires set ablaze by Palestinian demonstrators during a protest along the frontier between Gaza and Israel, as seen from the Israeli side of the fence, on Sept. 23, 2023.(AP Photo/Tsafrir Abayov) The sudden violenceat the separation fence has stoked fears of a wider escalation between Israel and Hamas, which have fought four wars and engaged in numerous smaller battles since Hamas took over the territory. But experts said that the violent protests — which have persisted with Hamas' tacit consent for nearly two weeks now — have more to do with Hamas' efforts to manage the territory and halt its spiraling economic crisis than draw Israel into a new round of conflict. ""It's a tactical way of generating attention about their distress,"" Ibrahim Dalalsha, director of the Horizon Center, a Palestinian research group based in the West Bank, said of Hamas. ""It's not an escalation but ‘warming up' to put pressure on relevant parties that can come up with money to give to the Hamas government."" Israel, he added, also seeks to contain the exchanges with its precise strikes on apparently abandoned militant outposts — so far avoiding a mishap that could spiral into a conflict that neither side wants. Fox News' Antisemitism Exposed"" newsletter brings you stories on the rising anti-Jewish prejudice across the U.S. and the world."" By entering your email and clicking the Subscribe button, you agree to the Fox NewsPrivacy PolicyandTerms of Use, and
      agree to receive content and promotional communications from Fox News. You understand that you can
      opt-out at any time. You've successfully subscribed to this newsletter! This material may not be published, broadcast, rewritten, or redistributed. ©2026 FOX News Network, LLC. All rights reserved. Quotes displayed in real-time or delayed by at least 15 minutes. Market data provided byFactset. Powered and implemented byFactSet Digital Solutions.Legal Statement. Mutual Fund and ETF data provided byLSEG.",https://www.foxnews.com/world/israeli-airstrikes-target-gaza-ongoing-protests-no-casualties-reported
2024-04-30,Fox News,"This material may not be published, broadcast, rewritten, or redistributed. ©2026 FOX News Network, LLC. All rights reserved. Quotes displayed in real-time or delayed by at least 15 minutes. Market data provided byFactset. Powered and implemented byFactSet Digital Solutions.Legal Statement. Mutual Fund and ETF data provided byLSEG. Fox News' Lawrence Jones sat down with New Yorkers to discuss the rise of antisemitism in America in wake of the Israel-Hamas war. Dozens of Columbia University students staged a walkout from formerSecretary of State Hillary Clinton'sclass there on Wednesday in protest of the school’s handling of a truck seen near campus displaying the images of students belonging to groups who signed an anti-Israel statement, a report says. Roughly 30 students of the class of 300 abruptly stood up and left the room a half hour into the lecture on women’s involvement in peace processes hosted by Clinton and Keren Yarhi-Milo, the dean of Columbia’s School of International and Public Affairs (SIPA), according to The New York Times. The students reportedly were demonstrating against the school’s response to a truck that appeared near campus last week broadcasting the message ""Columbia’s Leading Antisemites"" and showing images of students belonging to groups that had signed a statement claiming thatIsrael was at faultfor the October 7 massacre by Hamas. The students said the images of their classmates that appeared on the truck had been taken from a private online platform for students at SIPA and demanded that Columbia provide ""immediate legal support for affected students"" and ""a commitment to student safety, well-being and privacy,"" the newspaper added. Hillary Clinton addresses a heckler during a Columbia University event on October 23.(Columbia University) Clinton herself has expressed support for the state of Israel and recently has rejected calls for a ceasefire. There also were dozens of other protesters who gathered near the lobby of the building where the walkout was unfolding, according to the New York Times. When the class ended, the demonstrators fell silent, expecting Clinton and the dean to walk past them while leaving. But word then spread that the lecturers instead had departed through a side door and avoided the crowd completely, the newspaper adds. In a message from Yarhi-Milo to students on Tuesday, she wrote ""I am deeply disturbed to see that SIPA students and faculty have been subjected to doxxing campaigns. ""I unequivocally condemn such actions and I’m doing everything in my power to bring these activities to an end on our campus and online,"" she continued. ""To that end, I have formed a SIPA Task Force on Doxxing and Student Safety, effective immediately."" PRO-PALESTINIAN GROUP MAY HAVE RAISED MONEY FOR HAMAS, BROKE DONATION LAWS, STATE ATTORNEY GENERAL SAYS Supporters of both Israeli and Palestinians engage with each other at Columbia University on October 12 in New York City.(Spencer Platt/Getty Images) ""The SIPA Task Force on Doxxing and Student Safety will play a critical role in making recommendations to the university and local government to protect our students,"" Yarhi-Milo added. ""Specifically, the Task Force will develop recommendations to prevent doxxing, protect the identities and personal information of our students, and develop proposals to reduce tensions among various students and student organizations regarding controversial national or international events that affect our community in New York City."" Last week, Clinton, speaking at the James A. Baker III Institute for Public Policy's 30th-anniversary event, pushed back on activists demanding a ceasefire between Israel and Hamas, saying that such an agreement would be a ""gift"" for theterrorist government. ""People who are calling for a ceasefire now, don’t understand Hamas,"" Clinton said, according to The Jerusalem Post. ""That is not possible."" This image made from undated bodycam video footage taken by a downed Hamas militant and released by Israel Defense Forces shows a Hamas militant walking around a residential neighborhood at an undisclosed location in southern Israel.(Israel Defense Forces via AP) She continued, ""It would be such a gift to Hamas, because they would spend whatever time there was a ceasefire in effect rebuilding their armaments, creating stronger positions to be able to fend off an eventual assault by the Israelis."" Fox News’ Anders Hagstrom and Timothy H.J. Nerozzi contributed to this report. Greg Norman is a reporter at Fox News Digital. The hottest stories ripped from the headlines, from crime to courts, legal and scandal. By entering your email and clicking the Subscribe button, you agree to the Fox NewsPrivacy PolicyandTerms of Use, and
      agree to receive content and promotional communications from Fox News. You understand that you can
      opt-out at any time. You've successfully subscribed to this newsletter! This material may not be published, broadcast, rewritten, or redistributed. ©2026 FOX News Network, LLC. All rights reserved. Quotes displayed in real-time or delayed by at least 15 minutes. Market data provided byFactset. Powered and implemented byFactSet Digital Solutions.Legal Statement. Mutual Fund and ETF data provided byLSEG.",https://www.foxnews.com/us/columbia-student-protesters-stage-walkout-hillary-clintons-class
2024-04-30,Fox News,"This material may not be published, broadcast, rewritten, or redistributed. ©2026 FOX News Network, LLC. All rights reserved. Quotes displayed in real-time or delayed by at least 15 minutes. Market data provided byFactset. Powered and implemented byFactSet Digital Solutions.Legal Statement. Mutual Fund and ETF data provided byLSEG. Pro-Palestinian protesters are heard chanting, ‘Israel bombs, USA paid, How many kids did you kill today?,’ outside Columbia University in New York City on Wednesday. Hundreds of pro-Palestinian protesters stood outside of Columbia University inNew York Cityon Wednesday, holding signs while chanting and demanding the removal of Jewish people from Gaza, while others boycotted the suspension of two far-left student-led groups by the school's administration. The ""emergency protest"" was shared on the social media platform X, formerly known as Twitter, by groups such as WOLPalestine (Within Our Lifetime) and CUNYPalestine, noting the event was scheduled for Wednesday at 2 p.m. ""All Out for Gaza at Columbia University,"" the post read. ""In solidarity with Columbia SJP (Students for Justice in Palestine) and JVP (Jewish Voices for Peace) who were recently unjustly suspended by the university administration. COLUMBIA SUSPENDS ANTI-ISRAEL STUDENT GROUPS FOR ‘THREATENING RHETORIC AND INTIMIDATION’ Columbia University faculty members stand in front of a campus building with a list of demands from the university administration Thursday.(Teny Sahakian / Fox News) Last week, Columbia University suspended the far-left groups as official student groups through the end of the fall term, saying they had violated university policies. Specifically, the university said the groups ""repeatedly violated university policies related to holding campus events, culminating in an unauthorized event Thursday afternoon that proceeded despite warnings and included threatening rhetoric and intimidation."" It marked the second university at the time to act against SJP in recent days, with Brandeis University in Massachusetts banning the group earlier in the week for statements supporting Hamas. On Tuesday night, George Washington University also sanctioned SJP. COLUMBIA UNIVERSITY PRESIDENT PRAISES ‘PERSISTENCE’ OF STUDENTS ACCUSED OF ANTISEMITISM Columbia University students and faculty protest the removal of two pro-Palestinian groups.(Teny Sahakian / Fox News) DuringWednesday’s protestat 116th Street and Broadway near Columbia, people were heard chanting, ""One, Two, Three, Four, Occupation No More. Five, Six, Seven, Eight, Israel is a terrorist state. Israel, you can’t hide."" Other chants shouted on the street included, ""Israel Bombs. USA Paid. How many kids did you kill today?,"" and ""Free, Free Palestine."" Protesters also held banners and signs that read, ""Within our lifetime, United for Palestine,"" ""Cease Genocide"" and ""Resistance until return, within our lifetime."" JEWISH COLUMBIA STUDENTS FACED WITH THREATS, ATTACKS SPEAK OUT, SAY SOME PROTESTERS AREN'T FULLY EDUCATED Columbia University students and faculty protest the removal of two pro-Palestinian groups.(Teny Sahakian / Fox News) Members of the faculty also protested the student groups getting kicked off campus. The faculty was seen standing together with a list of demands from Columbia, including affirming their commitment to theFirst Amendment,overturning the suspension of the student groups and recognizing publicly that academic freedom protects all forms of political speech. Like many other elite institutions, Columbia's response to the Oct. 7 terrorist attack by Hamas has been under the microscope.One professorwent viral for decrying the response by the school to instances of campus antisemitism. A Jewish student was also attacked with a stick after objecting to a woman tearing down posters of Hamas hostages. The New York Post reportedlast month more than 100 Columbia professorssigned a letter defending pro-Palestinian studentswho had defended the Hamas attack on Israel and asked administrators to stop making statements ""that favor the suffering and death of Israelis or Jews over the suffering and deaths of Palestinians."" Fox News Digital's David Rutz contributed to this report. Greg Wehner is a reporter for Fox News Digital covering U.S. news and crime, with a focus on breaking developments, law enforcement, public safety and major stories shaping communities across the country. Get the latest updates on the Trump administration and Congress, exclusive interviews and more Fox News politics content. By entering your email and clicking the Subscribe button, you agree to the Fox NewsPrivacy PolicyandTerms of Use, and
      agree to receive content and promotional communications from Fox News. You understand that you can
      opt-out at any time. You've successfully subscribed to this newsletter! This material may not be published, broadcast, rewritten, or redistributed. ©2026 FOX News Network, LLC. All rights reserved. Quotes displayed in real-time or delayed by at least 15 minutes. Market data provided byFactset. Powered and implemented byFactSet Digital Solutions.Legal Statement. Mutual Fund and ETF data provided byLSEG.",https://www.foxnews.com/politics/nyc-columbia-university-faculty-students-protest-suspension-far-left-groups
2024-04-30,Fox News,"This material may not be published, broadcast, rewritten, or redistributed. ©2026 FOX News Network, LLC. All rights reserved. Quotes displayed in real-time or delayed by at least 15 minutes. Market data provided byFactset. Powered and implemented byFactSet Digital Solutions.Legal Statement. Mutual Fund and ETF data provided byLSEG. Nile Gardiner, former advisor to Margaret Thatcher, reacts to anti-Israel sentiment spreading throughout western nations as London prepares for another pro-Palestine march. A rowdy anti-Israel protest outside of Columbia University reportedly led to the arrests of pro-Palestinian demonstrators, who clashed withNYPD officersand shouted anti-cop chants. The ""All Out for Palestine"" demonstration began around 3 p.m. Friday evening, and footage of protesters waving Palestinian flags and scuffling with officers quickly spread across social media in the hours afterward, according to the New York Post. In onevideo shared to social media, the disgruntled group of protesters could be seen resisting commands from officers who were attempting to clear roadways, all while chanting, ""NYPD, KKK. IDF they’re all the same."" In the same clip, one individual is shown being detained by police. As officers attempted to wrangle another female protester, other demonstrators wereshown taunting officersand attempting to pull them from the woman. One individual, later identified as 31-year-old Fadi Shuman, was also shown in the clip taking an officer's peaked cap and running away with it. NEW YORK DAD WHO CONFRONTED ANTI-ISRAEL PROTESTERS FELT LIKE 'HOSTAGE' IN PRO-PALESTINIAN TRAFFIC JAM Pro-Palestinian demonstrators protest outside Columbia University on February 2, 2024, in New York City.(Eduardo Munoz Alvarez/VIEWpress) A DCPI spokesperson for the city confirmed to Fox News Digital that three individuals had been arrested as a result of theiractions at the protest, and another 12 had been issued citations for disorderly conduct. Of the three people that were arrested, two received desk appearance tickets. Shuman wasarrested and chargedwith grand larceny, obstructing governmental administration, aggravated harassment and criminal possession of stolen property. Sara Elmilgi, 34, was also arrested and charged with harassment after she ""slapped an officer’s arms multiple times while he was lawfully attempting to guide her back to the sidewalk,"" according to the spokesperson. The officer did not sustain any injuries. NYPD officers clash with protestors demonstrating near Columbia University on February 2, 2024, in New York City.(Alexi J. Rosenfeld/Getty Images) The other individual who was arrested, 47-year-old Jesse Pape, was charged with obstructing governmental administration and disorderly conduct after he ""was given a lawful order to disperse and refused to comply,"" the spokesperson noted. AMERICAN FLAG TORCHED DURING NYC PRO-PALESTINIAN DEMONSTRATIONS The main protest on Friday was reportedly attended by hundreds of individuals. A smaller group of demonstrators later marched south to West 107th Street and Broadway, where additional arrests were made. Anti-Israel protesters demonstrate near Columbia University on February 2, 2024, in New York City.(Alexi J. Rosenfeld/Getty Images) ""You are violent thugs. You are criminals! You are the most violent. You are the most f--king violent,"" one protester yelled at police while in custody. ""It is right to rebel. NYPD, burn in hell! It is right to rebel. NYPD, burn in hell!"" others could be heard chanting. An arrested protestor screams while being detained in the back of a NYPD van during a demonstration near Columbia University on February 2, 2024, in New York City.(Alexi J. Rosenfeld/Getty Images) A woman who displayed aposter of Israeliswho had been kidnapped and chanted, ""Am Yisrael Chai,"" a Jewish solidarity anthem, was also surrounded by protesters who ripped the poster from her. ""Don’t you dare!"" the pro-Israel woman shouted just before cops intervened and separated her from the others. Pro-Palestinian demonstrators argue with a counter-protestor holding posters for the hostages and chanting a Jewish prayer during a demonstration near Columbia University on February 2, 2024, in New York City.(Alexi J. Rosenfeld/Getty Images) The demonstration, as reported by the Post, came in response to claims that anti-Israel student protesters had beensprayed with an unknown chemicallast month while marching through the university's campus. That incident led to two alleged assailants being banned from campus and an investigation by police into what exactly had happened. Last month, Interim Provost Dennis A. Mitchell said the chemical incident ""appears to have been serious crimes, possibly hate crimes."" Kyle Morris covers politics for Fox News. Story tips can be sent via email and on X:@RealKyleMorris. Get the latest updates on the Trump administration and Congress, exclusive interviews and more Fox News politics content. By entering your email and clicking the Subscribe button, you agree to the Fox NewsPrivacy PolicyandTerms of Use, and
      agree to receive content and promotional communications from Fox News. You understand that you can
      opt-out at any time. You've successfully subscribed to this newsletter! This material may not be published, broadcast, rewritten, or redistributed. ©2026 FOX News Network, LLC. All rights reserved. Quotes displayed in real-time or delayed by at least 15 minutes. Market data provided byFactset. Powered and implemented byFactSet Digital Solutions.Legal Statement. Mutual Fund and ETF data provided byLSEG.",https://www.foxnews.com/politics/anti-israel-protesters-clash-nypd-officers-fiery-scuffle-led-arrests-nypd-burn-hell
2024-04-30,Fox News,"This material may not be published, broadcast, rewritten, or redistributed. ©2026 FOX News Network, LLC. All rights reserved. Quotes displayed in real-time or delayed by at least 15 minutes. Market data provided byFactset. Powered and implemented byFactSet Digital Solutions.Legal Statement. Mutual Fund and ETF data provided byLSEG. Jewish students at Columbia University said they feel unsafe as hundreds of faculty and students protest the suspension of two pro-Palestinian groups from campus. Columbia has suspended several students over an anti-Israel event last month that featured a speaker ""known tosupport terrorism,"" the university president announced Friday. Columbia University President Minouche Shafik said in a statement that ""a number of students have been suspended as the investigation continues"" into a March 24 event that ""took place at a campus residential facility"" and ""that the University had already barred, twice, from occurring."" ""It featured speakers who are known to support terrorism and promote violence. I want to state for the record that this event is an abhorrent breach of our values,"" Shafik said. The student newspaper, theColumbia Spectator, reported that at least four students face disciplinary action in connection to the March 24 panel titled, ""Resistance 101,"" which featured Khaled Barakat among its speakers. VIRAL COLUMBIA PROFESSOR WHO CALLED OUT CAMPUS ANTISEMITISM SAYS UNIVERSITY INVESTIGATING HIM IN 'RETALIATION' Pro-Palestine protesters demonstrate near Columbia University on Feb. 2, 2024 in New York City.(Alexi J. Rosenfeld/Getty Images) An Israeligovernment documentlinks Barakat to the Popular Front for the Liberation of Palestine (PFLP), a U.S. State Department designated foreign terrorist organization. The House Committee on Education and the Workforce on March 25also called out Barakat’s linkto the PFLP terrorist group, noting how he told Columbia students during a webinar that ""friends at Hamas and Islamic Jihad"" emphasized the importance of support on U.S. college campuses, adding that by contrast, ""they don’t care what Biden says, what Kamala Harris says."" In the aftermath, Columbia also ""notified law enforcement, and we hired an outside investigation firm to uncover all the facts,"" Shafik said Friday. ""With their help, we identified organizers and participants and required them to cooperate with the investigation or face immediate discipline. We are still in the process of interviewing students, faculty, and other members of the community and gathering facts."" ""I realize that our campus has been deeply shaken by the war between Israel and Hamas, starting Oct. 7 with the horrific Hamas terrorist attack in Israel, and now unfolding as a humanitarian crisis in Gaza,""Shafik said. ""I did not become a university president to punish students. At the same time, actions like this on our campus must have consequences. That I would ever have to declare the following is in itself surprising, but I want to make clear that it is absolutely unacceptable for any member of this community to promote the use of terror or violence."" It at least appears that Columbia University is increasingly laying down the law on antisemitism before Shafik is expected to testify before the House Committee on Education and the Workforce on April 17 as part of the congressional probe into the surge of antisemitism at college campuses in the wake of the Oct. 7 attacks carried out by Hamas on southern Israel. The presidents of Harvard, MIT and UPenn failed to directly condemn calls forintifada or the genocide of Jewson their campuses when they testified before Congress in December. The Harvard and UPenn presidents stepped down amid the controversy, although now-former Harvard president Claudine Gay resigned amid a separate plagiarism scandal. NYPD officers clash with pro-Palestine protestors demonstrating near Columbia University on Feb. 2, 2024 in New York City.(Alexi J. Rosenfeld/Getty Images) Shai Davidai, a Jewish professor at Columbia who claims the university is investigating him as a form of retaliation for publicly condemning campusinaction on antisemitism in viral video, took to X on Monday to praise the four student suspensions following the event featuring Barakat. COLLEGE PRESIDENTS GROWING A SPINE? UNIVERSITIES INCREASINGLY LAYING DOWN THE LAW AGAINST ANTISEMITISM ""That's a good start, but not enough,""he wrote. ""The pro-terror umbrella group that organized the event constitutes 94 different official student groups. ALL 94 heads of the organization should be given 24 hours to either denounce the umbrella group or be suspended from campus."" Davidai shared a TV clip flagged by the Middle East Media Research Institute in which Barakat allegedly communicated that theBoycott, Divestment and Sanctions movementhelps terrorists, that he openly supports terrorist organizations and that he receives money from terrorist organizations. Columbia University President Minouche Shafik is expected to testify before the House Committee on Education and the Workforce on April 17.(Bing Guan/Bloomberg via Getty Images) One of the four students suspended and evicted from campus housing over the event featuring Barakat was the first speaker at a massive protest Thursday organized by the group Columbia University Apartheid Divest and Student Workers of Columbia–United Auto Workers, the Spectator reported. The protest drew more than 100 demonstrators, according to the student newspaper. The suspended student, who was not named in the report, complained about how she had lost her full-ride scholarship to Columbia to pursue a master’s in Middle Eastern studies. ""I left everything behind, my community, my partner, my work, my entire life based on Columbia’s promise of a full scholarship to pursue Palestine study,"" she reportedly said. ""Ironically, my mom was so happy when I was moving to the U.S. to study at Columbia. She believed I would finally be safe outside of Palestine. Columbia is not only a complicit institution, it is a violent institution."" The suspensions come after Shafik vowed to take action in a Friday statement. ""We are in the process of identifying participants and they will face discipline under our policies,"" Shafik said. ""This university will only thrive if we can build a strong foundation of respect – both for each other and for our rules."" Danielle Wallace is a Breaking News Editor for Fox News Digital, serving as a critical newsroom playmaker at the intersection of major historic political events and the age of AI. Story tips can be sent to danielle.wallace@fox.com and on X:@danimwallace. Get the latest updates on the Trump administration and Congress, exclusive interviews and more Fox News politics content. By entering your email and clicking the Subscribe button, you agree to the Fox NewsPrivacy PolicyandTerms of Use, and
      agree to receive content and promotional communications from Fox News. You understand that you can
      opt-out at any time. You've successfully subscribed to this newsletter! This material may not be published, broadcast, rewritten, or redistributed. ©2026 FOX News Network, LLC. All rights reserved. Quotes displayed in real-time or delayed by at least 15 minutes. Market data provided byFactset. Powered and implemented byFactSet Digital Solutions.Legal Statement. Mutual Fund and ETF data provided byLSEG.",https://www.foxnews.com/politics/columbia-suspends-students-anti-israel-event-featuring-speaker-linked-terrorist-organization
2024-04-30,Fox News,"This material may not be published, broadcast, rewritten, or redistributed. ©2026 FOX News Network, LLC. All rights reserved. Quotes displayed in real-time or delayed by at least 15 minutes. Market data provided byFactset. Powered and implemented byFactSet Digital Solutions.Legal Statement. Mutual Fund and ETF data provided byLSEG. Anti-Israel protesters chanted and demonstrated Thursday, April 17, 2024, at Columbia University. (bxantiwar via Storyful) Anti-Israel agitators were caught on video lighting flares outside a Columbia University ""occupation,"" as the president of the prestigious New York institution testified before Congress on antisemitism spikes. The New York City Police Department said at least four people were arrested early Thursday morning in connection to the ongoing protest at Columbia University, PIX 11 reported. Video shared online also showed demonstrators clad in Palestinian flags and other garb shouting through microphones, ""We want justice, you say how,"" with the response being ""stop bombing Gaza now,"" ""stop arming Israel,"" and ""end the occupation now."" Demonstrators set up what they deemed ""the Gaza Solidarity Encampment"" on campus the dayColumbia UniversityPresident Dr. Nemat ""Minouche"" Shafik testified before the House Education and the Workforce Committee in Washington, D.C., about the scourge of antisemitism seen after the Oct. 7 Hamas attacks in southern Israel. STEFANIK SLAMS COLUMBIA UNIVERSITY 'ARROGANCE,' 'INCONSISTENT TESTIMONY': 'RECKONING OF ACCOUNTABILITY' Anti-Israel protesters chanted and demonstrated on Wednesday, April 17, 2024 at Columbia University.(bxantiwar via Storyful) At one point, progressive ""Squad"" member Rep. Ilhan Omar, D-Minn., attempted to argue that there have been no ""anti-Jewish protests"" on campus, only those that are either ""pro-war"" or ""anti-war."" However, House GOP ChairRep. Elise Stefanik, R-N.Y., challenged Shafik's earlier testimony, getting the university president to concede that, indeed, the campus demonstrations where protesters shouted chants including ""F the Jews,"" ""Death to Jews,"" ""F Israel,"" ""No place,"" ""Death to the Zionist state,"" and ""Jews out"" were indeed ""anti-Jewish."" HOUSE REPUBLICANS GRILL COLUMBIA PRESIDENT OVER EMPLOYMENT OF PROF WHO CALLED OCT 7 HAMAS ATTACK ‘AWESOME’ Anti-Israel protesters took over the main lawn on Columbia University's campus in New York City on Wednesday, April 17, 2024.(WNYW) House Republicans also grilled Columbia leadership over tenured professor, Joseph Massad, who celebrated the Oct. 7 attacks and Hamas' slaughter of nearly 1,200 Jews as ""awesome,"" ""astonishing,"" ""astounding"" and ""incredible."" Shafik later confirmed Massad is under investigation for the antisemitic remarks, though he maintains his employment at the school. Hundreds of protesters swarmed Columbia University's South Lawn while Shafik testified Wednesday, demanding ""divestment"" from Israel, according to the student newspaper, the Columbia Spectator. Columbia University President Nemat Shafik testifies before the House Committee on Education and the Workforce hearing on ""Columbia in Crisis: Columbia University's Response to Antisemitism,"" on Wednesday, April 17, 2024.(AP Photo/Jose Luis Magana) ""The presence of tents on South Lawn is a safety concern and a violation of university policies,"" a university spokesperson wrote in a statement to the Spectator. ""We are informing the students they are in violation of university policies and for their own safety and for the operation of the university they need to leave."" The student paper reported that theanti-Israel protesterswere given paper notices from the university informing them around 7 p.m. that they should ""immediately cease your participation in this encampment and leave the campus."" The university notice told protesters to ""disperse by 11:00 a.m."" or ""they would face sanctions."" The congressional hearing also featured discussion over consequences for students carrying out antisemitic demonstrations. The school suspended several students over an unsanctioned event that featured a speaker withknown ties to a terrorist group, but lawmakers noted at Wednesday's hearing that those same students came back to campus and protested again anyway. Danielle Wallace is a Breaking News Editor for Fox News Digital, serving as a critical newsroom playmaker at the intersection of major historic political events and the age of AI. Story tips can be sent to danielle.wallace@fox.com and on X:@danimwallace. The hottest stories ripped from the headlines, from crime to courts, legal and scandal. By entering your email and clicking the Subscribe button, you agree to the Fox NewsPrivacy PolicyandTerms of Use, and
      agree to receive content and promotional communications from Fox News. You understand that you can
      opt-out at any time. You've successfully subscribed to this newsletter! This material may not be published, broadcast, rewritten, or redistributed. ©2026 FOX News Network, LLC. All rights reserved. Quotes displayed in real-time or delayed by at least 15 minutes. Market data provided byFactset. Powered and implemented byFactSet Digital Solutions.Legal Statement. Mutual Fund and ETF data provided byLSEG.",https://www.foxnews.com/us/anti-israel-agitators-light-flares-columbia-university-occupation
2024-04-30,Fox News,"This material may not be published, broadcast, rewritten, or redistributed. ©2026 FOX News Network, LLC. All rights reserved. Quotes displayed in real-time or delayed by at least 15 minutes. Market data provided byFactset. Powered and implemented byFactSet Digital Solutions.Legal Statement. Mutual Fund and ETF data provided byLSEG. Sergeant Joseph Imperatrice joined 'Fox & Friends First' to discuss the latest on the anti-Israel protests as concerns stem from the organization and the funding of the pro-Hamas demonstrations. Students at a growing number of U.S. colleges and universities are forming anti-Israel protest encampments with a unified demand that their schools stop doing business with Israel. Inspired by ongoing protests and the arrests last week of more than 100 students atColumbia Universityin New York City, seen at the epicenter of the ongoing demonstrations, students from Massachusetts to California, and Tennessee to Texas, are now gathering by the hundreds and are pledging to stay put on campus until their demand is met. ""We want to be visible,"" said Columbia protest leader Mahmoud Khalil. ""The university should do something about what we’re asking for, about the genocide that’s happening in Gaza. They should stop investing in this genocide."" Thenationwide movementhas gained momentum and has taken on new strength as administrators continue to allow anti-Israel demonstrations at schools like Columbia, Yale, MIT, UC Berkeley, University of Southern California, Princeton, Harvard, Stanford, Northwestern University, Vanderbilt University, University of Michigan, University of North Carolina, University of Virginia and others. ANTI-ISRAEL CAMPUS PROTESTS ARE SPREADING: CALIFORNIA, TEXAS BRACE AFTER ACTIVISTS OVERRUN COLUMBIA, YALE Students hold an anti-Israel protest at an encampment outside the Kresge Auditorium at the Massachusetts Institute of Technology, Tuesday, April 23, 2024, in Cambridge, Mass.(AP Photo/Charles Krupa) The protests come as the Israel-Hamas war surpassed the six-month milestone earlier this month, which has resulted in tens of thousands of civilian Palestinian deaths. The stories of suffering in Gaza have sparked international calls for a cease-fire and protests around the world. Anti-Israel protesters gather in front of Sproul Hall on the campus of the University of California, Berkeley in Berkeley, Calif., Tuesday, April 23, 2024.(AP Photo/Haven Daley) New York University students and anti-Israel protesters rally outside the NYU Stern School of Business building, Monday, April 22, 2024, in New York.(AP Photo/Mary Altaffer) Students at campuses across the U.S. have demanded their schools stop doing business with Israel or theU.S. Defense Department,which gives money to it. While the specific demands may vary from campus to campus. Among them include: COLUMBIA UNIVERSITY MOVES TO HYBRID LEARNING ON MAIN CAMPUS AMID ANTISEMITIC PROTESTS President Biden was asked this week whether he condemned ""the antisemitic protests"" and he said that he did. ""I also condemn those who don’t understand what’s going on with the Palestinians,"" Biden added after an Earth Day event Monday. A sign that calls for the school to ‘stop funding genocide’ at a demonstration encampment at Columbia University in New York, Monday, April 22, 2024.(AP Photo/Stefan Jeremiah) NYPD officers from the Strategic Response Group formed a wall of protection during a press conference on the ongoing anti-Israel protest encampment at Columbia University in New York on Monday, April 22, 2024.(AP Photo/Stefan Jeremiah) The president of Columbia University, seen as the origin point of the mass demonstrations, said she was ""deeply saddened"" by the actions of agitators who riled students and faculty with anti-Jewish slogans and chants. ""I am deeply saddened by what is happening on our campus,"" said Dr. Nemat ""Minouche"" Shafik. ""Our bonds as a community have been severely tested in ways that will take a great deal of time and effort to reaffirm. Students across an array of communities have conveyed fears for their safety and we have announced additional actions we are taking to address security concerns. The decibel of our disagreements has only increased in recent days. These tensions have been exploited and amplified by individuals who are not affiliated with Columbia who have come to campus to pursue their own agendas."" A protester holding a Palestinian flag while in front of Sproul Hall during a planned anti-Israel protest on the campus of UC Berkeley in Berkeley, Calif., on Monday, April 22, 2024.(Jose Carlos Fajardo/Bay Area News Group via AP) ""We need a reset,"" she added in her statement Monday. ""To deescalate the rancor and give us all a chance to consider next steps, I am announcing thatall classeswill be held virtually on Monday. Faculty and staff who can work remotely should do so; essential personnel should report to work according to university policy. Our preference is that students who do not live on campus will not come to campus. The Associated Press contributed to this report. The hottest stories ripped from the headlines, from crime to courts, legal and scandal. By entering your email and clicking the Subscribe button, you agree to the Fox NewsPrivacy PolicyandTerms of Use, and
      agree to receive content and promotional communications from Fox News. You understand that you can
      opt-out at any time. You've successfully subscribed to this newsletter! This material may not be published, broadcast, rewritten, or redistributed. ©2026 FOX News Network, LLC. All rights reserved. Quotes displayed in real-time or delayed by at least 15 minutes. Market data provided byFactset. Powered and implemented byFactSet Digital Solutions.Legal Statement. Mutual Fund and ETF data provided byLSEG.",https://www.foxnews.com/us/anti-israel-campus-protesters-make-demand-administrators-vow-stay-put-universities-meet
2024-04-30,Fox News,"This material may not be published, broadcast, rewritten, or redistributed. ©2026 FOX News Network, LLC. All rights reserved. Quotes displayed in real-time or delayed by at least 15 minutes. Market data provided byFactset. Powered and implemented byFactSet Digital Solutions.Legal Statement. Mutual Fund and ETF data provided byLSEG. Fox News' Bryan Llenas reports the latest on the protests at Columbia University. Hours after Columbia University began suspending students who did not abandon theiranti-Israel encampmentin the heart of campus, the agitators dialed up their demonstration by taking over an academic building. Early Tuesday morning, hundreds of anti-Israel protesters at Columbia's Manhattan campus took over Hamilton Hall, an academic building used by the dean and other senior offices. The unruly group gained access shortly before 1 a.m. and then began ""moving metal gates to barricade the doors, blocking entrances with wooden tables and chairs, and zip-tying doors shut,"" according to the student newspaper Columbia Spectator. Other footage showed theagitators in New Yorksmashing windows, unfurling a Palestinian flag over a window and chanting: ""From the river to the sea, Palestine will be free"" and ""Palestine will live forever."" Outside the facility, the anti-Israel rebels, many of whom wore masks, locked arms in front of Hamilton Hall to form a human barricade. The students are demanding three things from the university: divest their financial support of Israel, become more transparent with the university's investments and provide blanket amnesty to students who have taken part in the disruptive, weeks-long demonstration. CALIFORNIA UNIVERSITY REVEALS 'TRUE COST' OF ANTI-ISRAEL MOB THAT TOOK OVER ACADEMIC BUILDINGS Anti-Israel protesters at Columbia University broke into the iconic Hamilton Hall building as they gathered to stage a demonstration at the New York City campus on Tuesday. (Getty Images) The mutiny comes after the university set a deadline of 2 p.m. on Monday for students to gather their belongings and leave their encampment of around 120 tents or face suspension. The university confirmed that it began handing out suspensions with the aid of local and state law enforcement officers on Monday night for students who failed to leave. The mob of anti-Israel agitators broke a window of the entrance door of Hamilton Hall while breaking into the facility.(Selcuk Acar/Anadolu via Getty Images) During the unrest, New York Police Department officers arrived at the campus but did not enter it, according to the Columbia Spectator. The officers remained at the scene, outside of campus, telling the publication they would only enter if they ""hear that someone’s gotten hurt."" TRUMP SAYS 4 WORDS ABOUT ANTI-ISRAEL PROTESTS ON COLLEGE CAMPUSES AS ARRESTS SKYROCKET At least three facilities workers were inside the academic building when the anti-Israel agitators stormed in, the student newspaper reported. The workers were subsequently allowed to leave at around 12:40 a.m., with one reportedly yelling ""they held me hostage"" as he left the building. Members of the mob also allegedly covered the cameras inside the facility. The group placed a banner over Hamilton Hall renaming it ""Hind’s Hall,"" after Hind Rajab, a 6-year-old who died in Gaza during Israel’s war with Hamas. The Columbia University students broke into the facility and renamed it after 6-year-old Palestinian girl, Hind Rajab, who was killed in Gaza in January.(Selcuk Acar/Anadolu via Getty Images) An encampment with about 120 tents remained at Columbia University as of late Monday night.(Victor J. Blue for The Washington Post via Getty Images) Tuesday morning’s wild unfolding came nearly two weeks after the protesters initially formed their encampment on April 18. That same day, University President Minouche Shafik called law enforcement to sweep the ""Gaza Solidarity Encampment"" and arrest the agitators, which resulted in more than 100 students being arrested. VIRGINIA TECH POLICE PHYSICALLY CARRY AWAY ANTI-ISRAEL AGITATORS AMID EFFORT TO RESTORE PEACE ON CAMPUS The rebellious group of students is demanding that the university give them blanket amnesty for their actions.(Selcuk Acar/Anadolu via Getty Images) The agitators are speaking critically of Israel and Jewish people, and are expressing their support for Hamas and Palestinians in Gaza.(Alex Kent/Getty Images) After the agitators returned to their encampment and the movement showed some resilience, the university mostly allowed theantisemitic groupto remain. Officials, including Shafik, continued negotiations with organizers, seeking a peaceful resolution. Columbia University President Minouche Shafik called law enforcement to sweep the ""Gaza Solidarity Encampment"" after failed attempts to negotiate with the agitators.(Selcuk Acar/Anadolu via Getty Images) After negotiations with agitators failed to reach a deal on Monday, Shafik again gave officers the go ahead to begin removing the students, who face suspension. The Associated Press contributed to this report. The hottest stories ripped from the headlines, from crime to courts, legal and scandal. By entering your email and clicking the Subscribe button, you agree to the Fox NewsPrivacy PolicyandTerms of Use, and
      agree to receive content and promotional communications from Fox News. You understand that you can
      opt-out at any time. You've successfully subscribed to this newsletter! This material may not be published, broadcast, rewritten, or redistributed. ©2026 FOX News Network, LLC. All rights reserved. Quotes displayed in real-time or delayed by at least 15 minutes. Market data provided byFactset. Powered and implemented byFactSet Digital Solutions.Legal Statement. Mutual Fund and ETF data provided byLSEG.",https://www.foxnews.com/us/antisemitic-riot-columbia-agitators-take-over-academic-building-barricade-doors
2024-04-30,Fox News,"This material may not be published, broadcast, rewritten, or redistributed. ©2026 FOX News Network, LLC. All rights reserved. Quotes displayed in real-time or delayed by at least 15 minutes. Market data provided byFactset. Powered and implemented byFactSet Digital Solutions.Legal Statement. Mutual Fund and ETF data provided byLSEG. Hunter College student Gideon Askowitz on what he has heard on campus and says ideology taught at schools to hate America and Israel plays a role in these protests Anti-Israel protests linger acrosscollege campusesnationwide nearly three weeks after they first appeared at Columbia University. In the chaotic weeks since April 18, more than 2,600 people have been arrested on 50 campuses. The protesters have said they want their schools to cut all ties with Israel over itswar in Gaza. Administrators have shown mixed reactions with some universities likeUT Austinand Emory University cracking down almost immediately, while others have shown more restraint. ANTI-ISRAEL ENCAMPMENTS SHARE COMMON TRAITS WITH MARXIST REVOLUTIONARIES, BLM AND THE KKK Police block pro-Palestinian protesters from returning to their encampment at the University of Chicago, on Tuesday, May 7.(AP/Charles Rex Arbogast) But many colleges in the latter camp have started to lose patience amid the increasing combativeness of some of the protesters. Anti-Israel agitators at a George Washington encampment for instance, have called for the ""guillotine"" for school administrators. Campuses have tried tactics from appeasement to threats of disciplinary action to resolve the protests and clear the way for upcoming commencements. Here is a look at some universities that are starting to change their tune. At the University of Chicago, hundreds of protesters gathered on campus for more than a week. Administrators initially adopted a permissive approach, but later said the protest had crossed a line and caused growing concerns about safety. The protesters were warned Friday to leave or face removal. On Tuesday, law enforcement dismantled the encampment after a scuffle. University President Paul Alivisatos acknowledged the school's role as a protector of freedom of speech after officers in riot gear blocked access to the school's Quad but also took an enough-is-enough stance. COLUMBIA STUDENT LAUNCHES PETITION TO HOLD COMMENCEMENT ON CAMPUS: ‘WE ALL WORKED’ FOR THIS ""The university remains a place where dissenting voices have many avenues to express themselves, but we cannot enable an environment where the expression of some dominates and disrupts the healthy functioning of the community for the rest,"" Alivisatos said in a message to the university community. UNIVERSITY OF NORTH CAROLINA, CHAPEL HILL Officials at the University of North Carolina, Chapel Hill, told deans and department chairs Monday that some students have been informed by instructors opposing the suspension of student protesters that they will withhold grades. About 1000 pro-Palestinian demonstrators rally at the South Building after a ""Gaza solidarity encampment"" was removed by police early Tuesday morning, April 30, 2024, at UNC-Chapel Hill.(Travis Long/News & Observer/Tribune News Service via Getty Images) The school provost's office said it would support ""sanctions for any instructor who is found to have improperly withheld grades."" At the Massachusetts Institute of Technology (MIT), protesters were given a deadline to voluntarily leave or face suspension. Many left, according to an MIT spokesperson, who said protesters breached fencing after the arrival of demonstrators from outside the university. On Monday night, dozens remained at the encampment in a calmer atmosphere. A pro-Palestine protester holds a placard that says, ""Israel out"" during the rally.(Vincent Ricci/SOPA Images/LightRocket via Getty Images) MIT officials said the following day that dozens of interim suspensions and discipline committee referrals were in process, actions taken to ensure the ""safety of our community."" ISRAELI, AMERICAN FLAG DISPLAY VANDALIZED AT HARVARD UNIVERSITY Some schools are still showing a permissive attitude to the protests, letting students hold demonstrations and organize their encampments as they see fit. The Rhode Island School of Design, where students started occupying a building Monday, has affirmed students' rights to freedom of speech and peaceful assembly and supports all members of the community. The school has said President Crystal Williams spent more than five hours with the protesters that evening discussing their demands. The president of Wesleyan University, a liberal arts school in Connecticut, has commended the on-campus demonstration — which includes a pro-Palestinian tent encampment — as an act of political expression. The camp there has grown from about 20 tents a week ago to more than 100. A student walks in the anti-Israel encampment on the Main Quad at the University of Chicago campus on Monday.(AP/Nam Y. Huh) President Michael Roth said the university will ""continue to make space"" for the protesters ""as long as that space is not disruptive to campus operations."" But for some, this lax attitude is still not enough. A Wesleyan senior cited by The Associated Press, said: ""even though our president has said, 'Oh, I'm not going to call the cops. Oh, I'm not going to beat up students,' that's still not enough, and that's not the bare minimum for us."" And as Wesleyan's May 26 commencement approaches, some protesters fear they will be forcibly removed from the center of campus, adjacent to the field where the ceremony is to take place. Batya Kline, a 22-year-old graduate student, predicted that the university’s ""facade of laid back, hands off"" will fall away the longer protesters remain on campus. ""We know that the university does not want us here, and we know that they can change their pace at the drop of a hat without letting us know,"" Kline said. The Associated Press contributed to this report. Bradford Betz is a Fox News Digital breaking reporter covering crime,political issues,and much more. The hottest stories ripped from the headlines, from crime to courts, legal and scandal. By entering your email and clicking the Subscribe button, you agree to the Fox NewsPrivacy PolicyandTerms of Use, and
      agree to receive content and promotional communications from Fox News. You understand that you can
      opt-out at any time. You've successfully subscribed to this newsletter! This material may not be published, broadcast, rewritten, or redistributed. ©2026 FOX News Network, LLC. All rights reserved. Quotes displayed in real-time or delayed by at least 15 minutes. Market data provided byFactset. Powered and implemented byFactSet Digital Solutions.Legal Statement. Mutual Fund and ETF data provided byLSEG.",https://www.foxnews.com/us/colleges-that-once-embraced-anti-israel-protests-now-changing-their-tune-encampments-grow-more-chaotic
2024-04-30,Fox News,"This material may not be published, broadcast, rewritten, or redistributed. ©2026 FOX News Network, LLC. All rights reserved. Quotes displayed in real-time or delayed by at least 15 minutes. Market data provided byFactset. Powered and implemented byFactSet Digital Solutions.Legal Statement. Mutual Fund and ETF data provided byLSEG. Pollster Doug Schoen joins 'The Faulkner Focus' to discuss anti-Israel protests at the DNC and a report alleging Biden resents other Democrats for prompting an end to his 2024 bid. Critics say a wave of new rules limitinganti-Israel protestson college campuses impinge upon free speech. But a Cornell Law professor told Fox News Digital that many of these new policies are just explicitly stating already existing policies and protect Jewish and Israeli students' rights to safety on campus. The summer break provided a respite from the protests against the Israel-Hamas war that swept colleges nationwide. As students prepare toreturn to campusthis fall, higher education officials have developed strategies in an attempt to balance the rights of protesting students with other students' safety and their ability to get to the classes they paid for. ""Schools need to reach a balance between the right of students to an education and the rights ofother students to protest,"" William Jacobson, Cornell Law professor and founder of equalprotect.org, told Fox News Digital. CORNELL PRESIDENT ANNOUNCES RETIREMENT AS ANTI-ISRAEL PROTESTS SWEEP COLLEGE CAMPUSES NATIONWIDE Demonstrators supporting Palestinians in Gaza barricade themselves inside Hamilton Hall, an academic building at Columbia University, on April 30, 2024, in New York City.(Alex Kent/Getty Images) Police dismantled an anti-Israel encampment at Wayne State University in Detroit.(FOX2 Detroit WJBK) The stakes of such interventions are high. Last week, Columbia University President Minouche Shafik resigned amid accusations that she allowed anti-Israel agitators to run amok at the school without intervention or discipline. Some of the new rules imposed by campuses include banning encampments, allowing protests only in designated spaces, restricting access to campus for those without proper university identification, requiring protesters to register in advance, setting limitations on amplified sound usage during class hours, requiring that signs be removed within two weeks of a protest, and limiting the duration of demonstrations. In a statement issued last week, the American Association of University Professors condemned ""overly restrictive policies"" put in place, saying that they would discourage free expression. BIDEN'S CHARLOTTESVILLE MOMENT? POTUS TORCHED FOR TELLING DNC ANTI-ISRAEL MOB OUTSIDE THEY 'HAVE A POINT' An anti-Israel protester holds a Palestinian flag during a demonstration at UCLA on May 23, 2024.(Qian Weizhong/VCG via Getty Images) ""Our colleges and universities should encourage, not suppress, open and vigorous dialogue and debate even on the most deeply held beliefs,"" the statement read, adding that many policies were imposed without faculty input. Risa Liberwitz, a professor of labor and employment at Cornell,told NBCthat ""we are seeing a resurgence of repression on campuses that we haven’t seen since the late 1960s."" But Jacobson said that in most places ""the additional measures are things that are already in place."" ""A lot of these things that people are complaining about were already implicit in the rules already but [had not been stated] explicitly,"" he said. HAMAS FLAG SPOTTED AT ANTI-ISRAEL RALLY NEAR DNC AS CHICAGO BRACES FOR POSSIBLE UNREST Barnard College, Columbia University, graduates display anti-Israel slogans prior to the commencement ceremony at Radio City Music Hall in New York City on May 15, 2024.(Daniel McKnight for Fox News Digital) For example, he said Cornell already had a policy against camping on campus grounds; although encampments have now been banned, they technically were already against the university's rules. The University of Pennsylvania has outlined new ""temporary guidelines"" for student protests, which include a ban on encampments, overnight demonstrations, and bullhorn and speaker usage after 5 p.m. on class days. The university said it remains committed to lawful assembly and freedom of speech. Indiana University has banned overnight protests, protests after 11 p.m., under its ""expressive activities policy"" that took effect on Aug. 1. Any ""camping"" is prohibited on campus, and signs displayed on university property need prior approval. At the University of South Florida, canopies, banners, signs and amplifiers need approval, and no protest ""activity"" is allowed after 5 p.m. or at all during finals in the last two weeks of the semester. ""A lot of these things are trying to deal with the abuses that took place,"" Jacobson told Fox News Digital. ""A lot of what is going on is not actually free expression, it’s intimidation. When you use a bullhorn inside a building, you’re not doing it to express yourself, you’re doing it to intimidate other people,"" he said. ""People who are complaining about these rules, for the most part, are people who want to intimidate others."" ""A lot of what is going on is not actually free expression, it’s intimidation."" ""It’s trying to create a toxic atmosphere on campus for Israel supporters, particularly Jewish Israel supporters,"" he continued. Jacobson conceded that universities banning protests after 5 p.m. did seem ""a bit harsh."" ""But just because the concept of these rules is reasonable doesn't mean each and every one of them are reasonable,"" he said. Jacobson said he had ""no doubt"" that some of these new policies would be challenged, particularly those imposed by public universities. However, he said that he ""would think as long as there are reasonable time, place and manner restrictions, that is consistent with the Constitution, [for example], you can’t have bullhorns in a building, you can’t have encampments that disrupt student flow."" Jacobson characterized criticisms of the new rules as ""cry-bullying."" ""One pattern we see is that there is often a lot of what I would term ‘cry-bullying’. [Anti-Israel protesters] intimidate people, they bully people, they create hostile environments. [But] the second that anyone says, ‘You can’t do that,’ they cry like their rights are being infringed upon,"" Jacobson said. ""They want an exception to rules that everyone else has to follow. I think that’s what’s driving this: cry-bullies that think they don’t have to live by the rules that other people have to live by,"" he said. Christina Coulter is a U.S. and World reporter for Fox News Digital. Email story tips tochristina.coulter@fox.com. The hottest stories ripped from the headlines, from crime to courts, legal and scandal. By entering your email and clicking the Subscribe button, you agree to the Fox NewsPrivacy PolicyandTerms of Use, and
      agree to receive content and promotional communications from Fox News. You understand that you can
      opt-out at any time. You've successfully subscribed to this newsletter! This material may not be published, broadcast, rewritten, or redistributed. ©2026 FOX News Network, LLC. All rights reserved. Quotes displayed in real-time or delayed by at least 15 minutes. Market data provided byFactset. Powered and implemented byFactSet Digital Solutions.Legal Statement. Mutual Fund and ETF data provided byLSEG.",https://www.foxnews.com/us/us-colleges-revise-rules-campuses-brace-more-anti-israel-chaos
2024-04-30,Fox News,"This material may not be published, broadcast, rewritten, or redistributed. ©2026 FOX News Network, LLC. All rights reserved. Quotes displayed in real-time or delayed by at least 15 minutes. Market data provided byFactset. Powered and implemented byFactSet Digital Solutions.Legal Statement. Mutual Fund and ETF data provided byLSEG. Protests swept college campuses nationwide toward the end of the spring semester in response to the ongoing Israel-Hamas war, disrupting many day-to-day activities. As students return tocollege campusesthis month, administrators and pro-Israel activists are wary of a possible resurgence of anti-Israel protests that upended the day-to-day operations of major universities in the spring and, in many cases, blurred the lines between free speech and outright antisemitism. On Tuesday, Fox News Digital spoke with Rabbi Moshe Hauer, executive vice president of the Orthodox Union, to better gauge theJewish community’ssense of security entering the new semester. ""We’re very concerned about what’s coming down the pike. The good news is that everybody used the summer to prepare for the school year. And the bad news is that everybody had the summer to prepare for the school year,"" Hauer said. Protests swept college campuses nationwide toward the end of the spring semester in response toIsrael’s ongoing war in Gazathat has, since Oct. 7, claimed 40,000 Palestinian lives, according to Gaza’s Hamas-run Health Ministry. That figure does not distinguish between civilians and combatants. ANTI-ISRAEL AGITATORS TARGET ELITE UNIVERSITY CAMPUS ON FIRST DAY OF SEMESTER A screenshot of Rabbi Moshe Hauer in an interview with Fox News Digital.(Fox News Digital) Protesters encamped on campus quads and disrupted daily operations, leading, in some cases, to violent clashes with police and more than 3,000 arrests. In the months since, university administrators have imposed new rules banning encampments and limiting the duration of demonstrations, allowing protests only in designated spaces and restricting campus access to those with university identification. ""I think many campuses recognized — whatever their personal sympathies were — it was bedlam, and it wasn’t healthy. And it couldn’t continue,"" Hauer said. ""And they worked on policies on time and place restrictions and how they would react."" Hauer’s organization, the Orthodox Union, represents a broad Jewish community, including rabbinic families on dozens of college campuses, and provides resources for student leaders dealing with antisemitism on campus. Hauer argued that the movement behind these protests goes well beyond college campuses with ""very dark"" funding sources. ""[It’s] a movement that's not going to be resolved by people sitting down together to understand each other, because their goal is not to understand each other. Their goal is to drive anyone who supports Israel. Their goal — as they state in their protest — is one state. You know, back to pre-48,"" Hauer said, referring to the year Israel became a nation. Anti-Israel supporters continue to demonstrate with a protest encampment on the campus of Columbia University April 29, 2024, in New York City.(Spencer Platt/Getty Images) Hauer clarified that neither he nor his organization advocate shutting down protests against the state of Israel or the government of Israeli Prime Minister Benjamin Netanyahu, per se. ""I think there’s lots of room for legitimate protest, and I think that we have seen an incredible amount of illegitimate protest in this movement,"" Hauer said. ""It is perfectly appropriate for people to choose to protest against the Netanyahu government or the policies of the Netanyahu government. And … it may even be OK for them to protest against the existence of the state of Israel. It may not be something that I agree with at all. But that doesn't make it, per se, something that they shouldn't have the right to say."" Despite restrictions in place for the new school year, Hauer remains concerned administrators may not be up to the task of reining in the more radical elements of the anti-Israel protests. ""We’re worried because they are up against a very, very formidable movement that has shown incredible resilience and adaptability to be able to get around and through whatever kinds of safety and protections campuses would define,"" Hauer said. The Associated Press contributed to this report. Bradford Betz is a Fox News Digital breaking reporter covering crime,political issues,and much more. The hottest stories ripped from the headlines, from crime to courts, legal and scandal. By entering your email and clicking the Subscribe button, you agree to the Fox NewsPrivacy PolicyandTerms of Use, and
      agree to receive content and promotional communications from Fox News. You understand that you can
      opt-out at any time. You've successfully subscribed to this newsletter! This material may not be published, broadcast, rewritten, or redistributed. ©2026 FOX News Network, LLC. All rights reserved. Quotes displayed in real-time or delayed by at least 15 minutes. Market data provided byFactset. Powered and implemented byFactSet Digital Solutions.Legal Statement. Mutual Fund and ETF data provided byLSEG.",https://www.foxnews.com/us/new-semester-reignites-fears-anti-israel-protests-college-campuses-were-very-concerned
2024-04-30,Fox News,"This material may not be published, broadcast, rewritten, or redistributed. ©2026 FOX News Network, LLC. All rights reserved. Quotes displayed in real-time or delayed by at least 15 minutes. Market data provided byFactset. Powered and implemented byFactSet Digital Solutions.Legal Statement. Mutual Fund and ETF data provided byLSEG. Fox News' Alexis McAdams reports the latest on the demonstrations from New York City. Maskedanti-Israel protestersare demonstrating on Tuesday outside of one of the entrances to Columbia University, chanting, ""Free Palestine!"" and holding signs urging the Ivy League school to ""divest from death"" as students are trying to get to their first day of classes. The demonstrations come after a series of protests rocked theNew York City-based university this past spring, which generated worldwide media attention and more than 100 arrests. The anti-Israel activity also comes just days after Hamas killed six hostages, including 23-year-old Israeli American Hersh Goldberg-Polin. Hamas had been holding them captive – and continues to hold nearly 100 others – since they carried out terror attacks in southern Israel on Oct. 7, 2023. At least one protester was captured on video being arrested on Tuesday while other demonstrators were observed pushing barricades and getting into a scuffle. A second male individual was then taken into custody outside Barnard College, which is across the street from Columbia. The demonstrations began as peaceful, with protesters walking around in a circle on a sidewalk near one of Columbia’s entrances in Upper Manhattan. Around 1:30 p.m. local time, protesters told Fox News that they would be dispersing into smaller groups. HAMAS TERRORISTS RELEASE FOOTAGE OF SIX SLAIN HOSTAGES, PROMISE TO SHARE ‘LAST MESSAGES’ An anti-Israel protester is seen being arrested near Columbia University on Tuesday, Sept. 3.(Fox News) ""We refuse to live in a world where the mass murder of Palestinians is normal, acceptable, and profitable.Columbia Universityis complicit in genocide,"" the group Columbia Students for Justice in Palestine wrote on X. ""Their investments in weapons manufacturers & defense contractors, companies such as Lockheed Martin, are fueling the genocide."" Anti-Israel protesters demonstrate outside Columbia University on Tuesday, Sep. 3, 2024 in New York City.(AP/Yuki Iwamura) ""As we begin our new semester, students in Gaza have no universities to return to. Instead of listening to the student body, Columbia University is doubling down. We will not stop and we will not rest until Columbia divests from apartheid and genocide,"" it added. ""This is just the beginning."" The ""Alma Mater"" statue at Columbia University, located outside the Ivy League school's Low Library, is seen covered with red paint on Tuesday, Sept. 3.(WNYW) Columbia University did not immediately respond to a request for comment on Tuesday from Fox News Digital. One protester was seen carrying a sign that said ""Long live Hind's Hall."" In late April, an anti-Israel mob broke into and occupied Hamilton Hall on Columbia University's campus. The group then placed a banner over the facility,renaming it ""Hind’s Hall,""apparently after Hind Rajab, a 6-year-old who died during Israel’s war with Hamas in Gaza. BIDEN CLAIMS NETANYAHU NOT DOING ENOUGH TO SECURE DEAL WITH TERRORISTS The demonstrations on Tuesday, Sept. 3, 2024 come following protests that happened in the spring semester that resulted in the occupation of a building and more than 100 arrests at Columbia University.(AP/Yuki Iwamura) One student at the scene told Fox News reporter Alexis McAdams that ""we are here because there is still an ongoing genocide that the United States is materially and politically responsible for."" People are seen falling to the ground during a scuffle at Columbia University during the anti-Israel protests on Thursday, Sept. 3.(Fox News) When asked if he thought protests would start emerging at Columbia University this semester, the student said, ""We have been very clear that will not stop until Columbia has divested from its complicity in Israel’s genocide of the Palestinian people, that’s all I have to say."" Fox News’ Lawrence Richard and Alexis McAdams contributed to this report. Greg Norman is a reporter at Fox News Digital. The hottest stories ripped from the headlines, from crime to courts, legal and scandal. By entering your email and clicking the Subscribe button, you agree to the Fox NewsPrivacy PolicyandTerms of Use, and
      agree to receive content and promotional communications from Fox News. You understand that you can
      opt-out at any time. You've successfully subscribed to this newsletter! This material may not be published, broadcast, rewritten, or redistributed. ©2026 FOX News Network, LLC. All rights reserved. Quotes displayed in real-time or delayed by at least 15 minutes. Market data provided byFactset. Powered and implemented byFactSet Digital Solutions.Legal Statement. Mutual Fund and ETF data provided byLSEG.",https://www.foxnews.com/us/masked-anti-israel-protesters-columbia-university-demonstrate-students-check-first-day-classes
2024-04-30,Fox News,"This material may not be published, broadcast, rewritten, or redistributed. ©2026 FOX News Network, LLC. All rights reserved. Quotes displayed in real-time or delayed by at least 15 minutes. Market data provided byFactset. Powered and implemented byFactSet Digital Solutions.Legal Statement. Mutual Fund and ETF data provided byLSEG. Panelists Bethany Mandel and Maya Cukierman join 'Fox News @ Night' to react to Jewish college students saying they don't feel safe on Columbia University’s campus. As Columbia University began its new semester on Tuesday, the tense anti-Israel demonstrations that have divided its campus showed no sign of slowing. On the first day of theNew York CityIvy League's term this week, demonstrators gathered at the school's gates as an NYPD police drone hovered over their heads - although there were at least two arrests, according to the agency, police categorized the gatherings as ""peaceful."" Cornell Law Professor William Jacobson, president of the Legal Insurrection Foundation and of EqualProtect.org, told Fox News Digital that he did not foresee campus relations improving soon. ""I think we're going to see a crescendo of intimidation and hostility as we approach October 7,"" he said, referring to the anniversary ofHamas' attack on southern Israel, during which Palestinian fighters took hostages, killed civilians and committed other war crimes. ""[Protesters have] already announced plans to hold celebrations [that day]."" ""We're dealing with a cult on campus, and that's dangerous and difficult,"" he said. GOP LEADERS VOW 'ACTION' AS COLUMBIA UNIVERSITY SWARMED BY ANTI-ISRAEL AGITATORS Anti-Israel demonstrations continued in New York City on Tuesday on Columbia University's campus.(AP/Yuki Iwamura) Columbia's former president, Nemat Shafik, resigned last month after her handling of protesters on campus ""[took] a considerable toll on [her] family."" Sparks had flown after Shafik, the school's third president over an eight-month period, called in hundreds of armed police officers to arrest over 30 protesters who had barricaded themselves inside an academic building. Now, interim president Katrina Armstrong is tasked with maintaining order on the embattled campus. Since she took her position, new restrictions and changes have been made on campus in an attempt to control the conflict, according to the school's updated code of conduct. Camping is now banned on the school's campus, with new signs and guards dotting the school's south lawns,according to Reuters. Gates to the campus that were kept open to surrounding streets for decades have been closed under a new system that restricts access to students, with guards only allowing those with Columbia IDs and preregistered guests to enter. Officials have set up fences and gates on wheels around campus, which will be used to cordon off small areas. The changes come as the non-profit Foundation of Individual Rights and Expressionranked Columbia in 250th place- second to last - in its annual College Free Speech Rankings. JEWISH STUDENTS DESCRIBE GOING TO COLLEGE IN NYC AMID INTENSE ANTI-ISRAELI PROTESTS: 'TARGET ON MY BACK' A small group of pro-Israel demonstrators and counter protesters gather in front of Columbia University on Aug. 27, 2024, to hold an ""Unmask Campus Hate"" protest at the start of the academic year in New York City. Columbia was the site of a monthslong tent camp of supporters of Palestine that was eventually broken up by the police. Many Israeli and Jewish students and faculty have complained and accused the university of allowing antisemitism to exist on the campus.(Spencer Platt/Getty Images) For every conservative student on campus, there are five liberal students, according to the group's survey. Sixty-six percent of survey respondents reported that they had self-censored on campus at least once or twice a month. ""Surrounding my campus has been a 'doxxing truck' since October 2023, wherein students who express any criticism of Israel are identified by their full name and a giant picture under the label 'Antisemite of the Week' on a large truck with a digital screen,"" one rising junior told the surveyors. ""Students have reported this to the administration multiple times, and they did nothing for months. Friends of mine have also lost jobs and internship opportunities because of their political beliefs,"" the student said. Another student said that ""most professors and classes assume progressive ideas as matters of fact"" and that ""most of the curriculum is curated to fit this narrative . . . students in agreement are catered to."" MASKED ANTI-ISRAEL PROTESTERS AT COLUMBIA UNIVERSITY DEMONSTRATE AS STUDENTS CHECK IN FOR FIRST DAY OF CLASSES Pro-Palestinian supporters continue to demonstrate with a protest encampment on the campus of Columbia University on April 29, 2024, in New York City.(Spencer Platt/Getty Images) Jacobson said that in his experience at Cornell and based on what he has been told by Columbia students, a large part of protest culture is ""faculty driven,"" with professors ""liv[ing] out a fantasy that they're very revolutionary."" ""In fact, they're very careerist, very bourgeouis. They don't sacrifice themselves at all, but they're happy to have the students sacrifice themselves,"" he said. In an effort to combat hostility on campus, Columbia's Antisemitism Task Force published its second report, which details complaints from students who were harassed for their Jewish faith on campus. ""On campus, my friends have been spit on, been called like terrible, terrible names. A very close friend of mine was called a lover of genocide and then a lover of baby killing,"" one student, who wears a traditional head covering, told the task force. ""This was only a couple of days after October seventh."" Scores more students reported ""painful experiences of hostility"" in the 91-page report. ""You have denialism, just like you have denialism about October 7,"" Jacobson said of the report and abysmal free expression ranking. ""I think that's a good thing. It may not result in positive change, but at least people can no longer deny what's happening."" ""It would not surprise me that schools with the most activism have the least free expression. The activism is intended to be intimidating,"" Jacobson said. ""These are not protests where people are hoping to have a debate, they are protests meant to stifle a debate."" When asked for comment by Fox News Digital on the purported lack of free expression on campus, interim president Armstrong reiterated a portion of a recent message sent to students. ""Everyone needs to feel engaged, that their voices matter and that they belong here,"" Armstrong wrote. ""Protests need to be managed effectively and fairly. That requires holding two truths at once. The truth is that our mission depends upon free speech and open debate. And the truth that our mission equally depends upon an environment free of harassment and discrimination, where our students can learn. There is no doubt that holding those two truths requires understanding and effectively implementing our policies, rules and procedures, just as it does in the society around us."" Christina Coulter is a U.S. and World reporter for Fox News Digital. Email story tips tochristina.coulter@fox.com. The hottest stories ripped from the headlines, from crime to courts, legal and scandal. By entering your email and clicking the Subscribe button, you agree to the Fox NewsPrivacy PolicyandTerms of Use, and
      agree to receive content and promotional communications from Fox News. You understand that you can
      opt-out at any time. You've successfully subscribed to this newsletter! This material may not be published, broadcast, rewritten, or redistributed. ©2026 FOX News Network, LLC. All rights reserved. Quotes displayed in real-time or delayed by at least 15 minutes. Market data provided byFactset. Powered and implemented byFactSet Digital Solutions.Legal Statement. Mutual Fund and ETF data provided byLSEG.",https://www.foxnews.com/us/columbia-anti-israel-agitators-reach-crescendo-intimidation-school-suffers-latest-black-eye
2024-04-30,Fox News,"This material may not be published, broadcast, rewritten, or redistributed. ©2026 FOX News Network, LLC. All rights reserved. Quotes displayed in real-time or delayed by at least 15 minutes. Market data provided byFactset. Powered and implemented byFactSet Digital Solutions.Legal Statement. Mutual Fund and ETF data provided byLSEG. Fox News host Brian Kilmeade gives his take on the Trump administration taking action against antisemitism on college campuses on One Nation. Columbia University has warned anti-Israel protesting students that the college will tear down any encampments – and potentially arrest agitators – should they try and set up encampments oncampus againthis year. The stern warning comes after the university said it became aware of secretive plans to repeat last year’s protest at the university, which culminated in students taking control of Hamilton Hall and clashingwith policein riot gear. The ugly scenes saw more than 200 people arrested as students protested Israel’s war in Gaza in response to the Oct. 7, 2023, attacks by Hamas that left more than 1,200 people dead. ""We have been made aware of possible plans to establish encampments on Columbia's campuses,"" a public safety alert put out by the university reads. ""We want to clearly communicate that camping and encampments on Columbia's campuses are prohibited by university policy."" Columbia University has warned the college will tear down any encampments – and potentially arrest anti-Israel agitators – if last year's events are repeated. Tents pictured on the campus on April 29, 2024.(Reuters/David Dee Delgado) COLUMBIA UNIVERSITY YIELDS TO TRUMP ADMIN DEMANDS OVER REVOKED $400M IN FEDERAL FUNDING The university said authorities would immediately take steps to remove tents or other structures and tell demonstrators to disperse. ""Individuals who refuse to disperse will be identified and sanctions, including potential removal from campus and possible arrest, may be applied."" Columbia said it values free expression and the right to protest, but such activities must be conducted in accordance with university rules and policies to ensure safety and allow academic and other campus activities to continue unimpeded. PRO-ISRAEL INFLUENCER SAYS BIBAS MEMORIAL IN NYC 'BROUGHT OUT THE WORST' IN ANTISEMITES Last year’s on-campus protest started just over 12 months ago and university leaders aim to stamp out any recurrence of the chaos and disorder that unfolded. The Ivy League college was forced to cancel its main graduation ceremony, citing safety concerns amid ongoing protests and a wave of antisemitism gripping the grounds. Columbia University President Minouche Shafik stepped down after months of criticism of her handling of the protests, many of which devolved into clashes betweenanti-Israeldemonstrators and police, and antisemitism on campus. Mahmoud Khalil talks to the press during the press briefing at an encampment at Columbia University's Morningside Heights campus on June 1, 2024. The announcement by Columbia comes afterNBC Newsreported that more than 100 people gathered in Brooklyn on Tuesday to discuss ways to re-ignite on-campus protests later this week. A form being dispersed by organizers and obtained by NBC tells participants to prepare for ""prolonged jail time"" and how emergency contacts can access their apartments or homes. Organizers cited, in part, the Trump administration’s efforts to pull federal funds from the university as a reason for this year’s protest as well as what they said was the ""abduction of our comrade Mahmoud Khalil."" Khalil, a Palestinian green card holder, has been arrested by federal immigration authorities who say he was one of last year’s ringleaders and promoted Hamas.Columbia has come under intense scrutiny over the rise inantisemitism on campuswith Trump canceling $400 million in grants to the university in March. That led to Columbia caving to certain demands in an attempt to restore funding. The move enraged organizers in Brooklyn. Columbia has come under intense scrutiny over the rise in antisemitism on campus with President Donald Trump canceling $400 million in grants to the university in March.(Getty Images) The Ivy League school agreed to ban masks for the purpose of concealing identity, empower 36 campus police officers with new powers to arrest students, and appoint a senior vice provost with broad authority to oversee the department of the Middle East, South Asian and African Studies, as well as the Center for Palestine Studies. Sources familiar with the negotiations told Fox News that meeting the demands doesn't mean that Columbia will get its $400 million in funding back, but that it's just a precondition to opening talks. The reforms were acknowledged positively by Education Secretary Linda McMahon, but the funds have not yet been reinstated. Fox News’ Louis Casiano and Alexis McAdams contributed to this report Michael Dorgan is a writer for Fox News Digital and Fox Business. You can send tips to michael.dorgan@fox.com and follow him on Twitter @M_Dorgan. The hottest stories ripped from the headlines, from crime to courts, legal and scandal. By entering your email and clicking the Subscribe button, you agree to the Fox NewsPrivacy PolicyandTerms of Use, and
      agree to receive content and promotional communications from Fox News. You understand that you can
      opt-out at any time. You've successfully subscribed to this newsletter! This material may not be published, broadcast, rewritten, or redistributed. ©2026 FOX News Network, LLC. All rights reserved. Quotes displayed in real-time or delayed by at least 15 minutes. Market data provided byFactset. Powered and implemented byFactSet Digital Solutions.Legal Statement. Mutual Fund and ETF data provided byLSEG.",https://www.foxnews.com/us/columbia-university-threatens-arrest-anti-israel-protesters-remove-encampments-new-demonstrations-loom
2024-04-30,Fox News,"This material may not be published, broadcast, rewritten, or redistributed. ©2026 FOX News Network, LLC. All rights reserved. Quotes displayed in real-time or delayed by at least 15 minutes. Market data provided byFactset. Powered and implemented byFactSet Digital Solutions.Legal Statement. Mutual Fund and ETF data provided byLSEG. Columbia University public safety officers inform anti-Israel agitators on Wednesday that they will be arrested for trespassing in the school's Butler Library. Hours after more than 100 masked anti-Israel agitators stormed the Butler Library at Columbia University inNew York City, pushing past campus security as students prepared for finals Wednesday afternoon, college officials summoned the New York Police Department (NYPD) in an effort to subdue the unruly mob. More than 80 people have been arrested, all students at the university, NYPD sources told Fox News. U.S. Immigration and Customs Enforcement (ICE) was also monitoring the situation. If arrests were made, the suspects were to be fingerprinted to determine if any are non-citizens, Fox News has learned. ""Time to make a point,"" one ICE source told Fox News. Non-protesting students told Fox News that they were forced to stop studying for finals and leave the library. COLUMBIA U THREATENS TO ARREST ANTI-ISRAEL PROTESTERS REMOVE ENCAMPMENTS AS NEW DEMOSTRATIONS LOOM Amid the chaos, the State Department warned foreign students about the consequences of breaking the law. ""Foreign university students in America have been put on notice: if you break the law or support terrorism in our country, we will revoke your visa. This administration will not tolerate noncitizens causing mayhem on our college campuses."" Secretary of State Marco Rubio said his agency was ""reviewng the visa status of the trespassers and vandals who took over Columbia University’s library. Pro-Hamas thugs are no longer welcome in our great nation."" The protesters are reportedly rallying in support ofMahmoud Khalil, the accused ringleader of pro-Palestinian protests at the elite Ivy League institution, as well as other students. Pro-Hamas graffiti and stickers posted on a photo frame inside of Butler Library on the campus of Columbia University where protesters occupied the building, Wednesday, May 7, 2025. The protesters were subsequently arrested by NYPD(Sam Nahins) Khalil, a Columbia graduate, was arrested last month at his university-owned NYC apartment, with Homeland Security Investigations (HSI), which is part of ICE, telling him they were revoking his green card and student visa, according to Khalil's attorney, Amy Greer. He was then taken to a Louisiana detention center. Flyers posted show protesters have renamed the Butler Library ""Basel Al-Araj Popular University,"" as well as the liberation zone. Protesters are led out of Butler Library on the campus of Columbia University in zip-ties after being arrested by NYPD at  in New York City, NY Thursday, May 7, 2025. The protesters had occupied the library this afternoon to demonstrate their support for Hamas.(Rashid Umar Abbasi for Fox News Digital) Students at Columbia said the protesters climbed on desks and chanted ""Free Palestine,"" while demanding the Ivy League schooldivest from Israel. The students also said they are worried an encampment could be set up. Responding public safety officials also reportedly told masked protesters they were not allowed to leave the library until they showed their ID cards.. ""Nobody comes in, nobody comes out,"" Columbia University security personnel at a gate entry to the campus said. COLUMBIA UNIVERSITY YIELDS TO TRUMP ADMIN DEMANDS OVER REVOKED $400M IN FEDERAL FUNDING In a statement on Wednesday, Claire Shipman, Columbia's acting president, said the school has asked the New York Police Department to help ""secure"" the building and that two university police officers were injured. ""Sadly, during the course of this disruption, two of our Columbia Public Safety Officers sustained injuries during a crowd surge when individuals attempted to force their way into the building and into Room 301,"" Shipman said. ""These actions are outrageous."" ""Individuals participating in the Reading Room 301 disruption were repeatedly asked for identification and to leave, and were repeatedly told that failure to comply would result in violations of our rules and policies and possible arrest for trespassing,"" she added. ""We have been clear from the outset about applying our protocols and advising participants of the potential consequences of not complying. Requesting the presence of the NYPD is not the outcome we wanted, but it was absolutely necessary to secure the safety of our community."" A source told Fox News that the NYPD needs to make the arrests, so the suspects can be identified. New York Mayor Eric Adams said the city stands with Jewish New Yorkers, particularly those who attend Columbia. He further urged the parents of the protesters to ""make clear that breaking the law is wrong and they should exit the building immediately."" ""To those protesting on campus who do not attend Columbia: exit the campus immediately or you will be arrested,"" Adams said. We will not tolerate hate or violence in any form in our city."" Anti-Israel agitators invaded the Butler Library at Columbia University in New York City on Wednesday, taking over part of the facility and setting up a ""Liberation Zone."" A university spokesperson said earlier that the disruptions ""will not be tolerated."" ""These disruptions of our campus and academic activities will not be tolerated,"" the statement continued. ""Individuals found to be in violation of University Rules and policies will face disciplinary consequences. We ask our community members to please avoid the immediate area near Butler Library in the near term."" Last month, Columbia warned that it would tear down any encampments and potentially arrest agitators, should they try and set up encampments on campus again this year. Pro-Hamas graffiti on a desk inside of Butler Library says ""CU (Columbia University) U will see"" along with stickers in support of Mahmoud Khalil.(Sam Nahins) The stern warning comes after the university said it became aware of secretive plans to repeat last year’s protest at the university, which culminated in students taking control of Hamilton Hall and clashingwith policein riot gear. The ugly scenes saw more than 200 people arrested as students protested Israel’s war in Gaza in response to the Oct. 7, 2023, attacks by Hamas that left more than 1,200 people dead. PRO-ISRAEL INFLUENCER SAYS BIBAS MEMORIAL IN NYC 'BROUGHT OUT THE WORST' IN ANTISEMITES Anti-Israel agitators invaded the Butler Library at Columbia University in New York City on Wednesday, taking over part of the facility and setting up a ""Liberation Zone."" The university said authorities would immediately take steps to remove tents or other structures and tell demonstrators to disperse. PRO-ISRAEL INFLUENCER SAYS BIBAS MEMORIAL IN NYC 'BROUGHT OUT THE WORST' IN ANTISEMITES Columbia said it values free expression and the right to protest, but such activities must be conducted in accordance with university rules and policies to ensure safety and allow academic and other campus activities to continue unimpeded. Columbia University President Minouche Shafik stepped down after months of criticism of her handling of the protests, many of which devolved into clashes betweenanti-Israeldemonstrators and police, and antisemitism on campus. Columbia has come under intense scrutiny over the rise inantisemitism on campus,with Trump canceling $400 million in grants to the university in March. That led to Columbia caving to certain demands in an attempt to restore funding. Tuesday's protests came as Columbia announced that it may lay off 180 staff members following the Trump administration’s announcement in March that it had canceled $400 million in federal grants over the school’s ""failure to protect Jewish students fromantisemiticharassment."" ""Across the research portfolio we have had to make difficult choices and unfortunately, today, nearly 180 of our colleagues who have been working, in whole or in part, on impacted federal grants, will receive notices of non-renewal or termination,"" Shipman said. ""This represents about 20% of the individuals who are funded in some manner by the terminated grant."" Pro-Hamas protesters walk the perimeter of Columbia University in New York City, Wednesday, May 7, 2025.(Rashid Umar Abbasi for Fox News Digital) U.S. Rep. Lisa McClain, R-Mich., chair of the House GOP, criticized Democrats calling for investigations into universities where anti-Israel protests have sprung up. We don't need to do an investigation. We know what the problem is,"" she said. ""They have laws and they don't follow them. Columbia is a prime example of what happens when there are no consequences to one's actions."" Rep. Elise Stefanik, R-N.Y., praised Trump for withholding funds from the school amid a rise in antisemitism. ""While Columbia students try to study for finals, they’re being bombarded with chants for a ""global intifada,"" she wrote on X. ""President @realDonaldTrump is right: not a single taxpayer dollar should go to a university that allows chaos, antisemitism, and civil rights violations on its campus. Columbia must act—enough is enough."" Fox News Digital's Michael Dorgan contributed to this report. Greg Wehner is a reporter for Fox News Digital covering U.S. news and crime, with a focus on breaking developments, law enforcement, public safety and major stories shaping communities across the country. The hottest stories ripped from the headlines, from crime to courts, legal and scandal. By entering your email and clicking the Subscribe button, you agree to the Fox NewsPrivacy PolicyandTerms of Use, and
      agree to receive content and promotional communications from Fox News. You understand that you can
      opt-out at any time. You've successfully subscribed to this newsletter! This material may not be published, broadcast, rewritten, or redistributed. ©2026 FOX News Network, LLC. All rights reserved. Quotes displayed in real-time or delayed by at least 15 minutes. Market data provided byFactset. Powered and implemented byFactSet Digital Solutions.Legal Statement. Mutual Fund and ETF data provided byLSEG.",https://www.foxnews.com/us/anti-israel-agitators-take-over-part-columbia-university-library-during-finals-call-liberation-zone
2024-04-30,Fox News,"This material may not be published, broadcast, rewritten, or redistributed. ©2026 FOX News Network, LLC. All rights reserved. Quotes displayed in real-time or delayed by at least 15 minutes. Market data provided byFactset. Powered and implemented byFactSet Digital Solutions.Legal Statement. Mutual Fund and ETF data provided byLSEG. Students at Columbia University say that they've noticed a drastic shift in mood on campus after Wednesday's protest was shut down decisively by authorities. The attempted takeover of a library at Columbia University by anti-Israel protesters last week was shut down fast and decisively by law enforcement, and the feeling among students on campus is that any further disruption — or any repeat of last year’s chaotic campus encampments — will not be tolerated among the university’s new leadership and will be quickly squashed. There was a somber and uneasy mood outside the university the day after the protest, with the vast majority of students tight-lipped on the matter as they hurriedly shuffled through a security checkpoint outside the main gate on their way to class. There were no political signs, no Palestinian flags, and only a handful of people over the course of several hours were spotted wearing keffiyehs, the traditionalMiddle Easternscarf often worn by protesters to signify their support of Palestinians. Those who did speak said things had changed. Two pensive Columbia University students, left, students being arrested on Wednesday and students charging a door.(Rashid Umar Abbasi for Fox News Digital, left, Lokman Vural Elibol/Anadolu via Getty Images, top right, WNYM, bottom right. ) DOZENS OF ANTI-ISRAEL AGITATORS ARRESTED AFTER STORMING, TAKING OVER COLUMBIA UNIVERSITY LIBRARY DURING FINALS ""It was very scary. I think the energy after last night, the dynamic has shifted,"" a dejected Harmony Cruz Bustamante told Fox News Digital outside the university on Thursday afternoon. ""There's just a collective understanding now on campus that we don't talk about certain things because of fears of getting detained or questioned by the authorities. So it was very scary last night because the university really revealed themselves in that they… really don't have our interests at heart. And I think that was seen through the viciousness that a lot of the public safety officers and NYPD had."" Cruz Bustamante and others sympathetic to the protesters' cause pointed fingers at the alleged heavy-handed tactics used by the NYPD and university police. Having had $400 million in federal funding pulled by the Trump administration, the university warned students weeks ago that any illegal protests would be swiftly shut down, andagitators would be arrested. That is exactly what happened on Wednesday afternoon when anti-Israel protesters burst into the Butler Library and climbed on tables as students prepared for finals. The NYPD made 80 arrests – 19 males and 61 females, according to a source. A source also said at least 50 of the 80protesters arrestedwere Columbia University students. Trying to get students to speak about the protests proved challenging. Columbia University students speaking to Fox News Digital on Thursday.(Rashid Umar Abbasi for Fox News Digital.) COLUMBIA UNIVERSITY YIELDS TO TRUMP ADMIN DEMANDS OVER REVOKED $400M IN FEDERAL FUNDING Many international students, who make up around 38% of the population, breezed by and said they did not want to risk speaking in case their visas would be yanked, like Mahmoud Khalil, one of the ringleaders ofanti-Israel protestsat Columbia last year who the Trump administration arrested in March and is trying to deport. Among those non-international students who did speak, the reaction was mixed. ""I think it was quite commendable and honorable of them,""said political science major Elias Taouli, who agrees with the protesters’ cause but does not condone violence. ""It was quite chaotic, some kids were getting shoved on the ground and everything,"" he said. ""Of course, there's always a better way to do things, but the truth is that we're trying to get a reaction out of Columbia, and it's very easy to criticize 19-year-old kids on how they protest, but then you won't criticize how Columbia has been bending over backwardsfor Trumpand then deporting its students."" ""Columbia is going against every value that they preach. I mean they teach us these beautiful values and the reason why I came here -- freedom and equality and justice – but they're bending over backwards to basically appease a dictator. While Harvard is fighting back. They're not even trying to fight back."" He said that the demonstrators' message itself isantisemiticand that there is always a small fraction of people who will take it too far, adding that those protesting are not against the Jewish people. However, a blunt Rose Meyer was adamant that agitators should pay the price for their illegal conduct. ""My thoughts are that if you're going to break school policy, you will pay the consequences. It's that simple,"" Meyer said. ""What's happening in Gaza is not great. I don't have a solution. I don't think it's very easy to solve, but the way you're going about it, not so bueno."" The university's encampment protests ignited a wave of campus protests throughout the country last year. The chaos at Columbia culminated in students taking control of Hamilton Hall and violently clashingwith policein riot gear. The ugly scenes saw more than 200 people arrested as students protested Israel’s war in Gaza in response to the Oct. 7, 2023 attacks by Hamas that left more than 1,200 people dead. Critics of the protesters said they were fueled by hatred of Israel, while defenders said they were trying to force political change and stop Israel’s attacks on Gaza aimed at crushing Hamas and rescuing the hostages. Another student, PJ, said he hopes Wednesday's disturbance can be used as an inflection point and said he hopes it is used as a time to come together to find some common ground. He feels the disruptions should be dealt with internally by the university. Pro-Hamas slogans on sheets are hung inside Butler Library on the campus of Columbia University, where protesters occupied the building on Wednesday, May 7, 2025. The protesters were subsequently arrested by NYPD.(Sam Nahins) ""I think that it's a lot of sadness, a lot of frustration, a lot of confusion, as well,"" he said. ""I think this is a scary time, I also think it's a very hopeful time."" He said students are trying to balance the best way to stand up for their beliefs and values with academic tasks at hand. International students who did speak to Fox News Digital did not want to be on video in fear of any repercussions. As of the fall, about 13,750 (38%) of Columbia’s student population are international students with more than 6,450 hailing from China, according to the university. That is followed by 1,240 Indians and nearly 580 Canadians. These students hail from over 145 countries. One Italian student said the tactics protesters used were wrong. ""I’ve learned that it’s smart not to comment."" ""I’m staying out of it, I’m an international student,"" a smiling female international student from Ethiopia said as she whizzed by. Daniel David, a freshmanfrom Israelwho is studying computer science, said the protesters are misguided since they do not live in the Middle East and do not have first-hand experience of the situation in the Middle East. ""There are no consequences for actions. How do they know what’s going on over there?"" David asked. A protester at Columbia University was arrested on Wednesday evening after demonstrators took over part of the central library on May 7, 2025.(Lokman Vural Elibol/Anadolu via Getty Images) He said he thought twice about coming to study at Columbia given last year’s encampments but said if he did not, then it would have been a win for the demonstrators. Antonio Da Porto, an Italian student who is studying math, added that he does not want a repeat of last year's disruptions when student classes, studies and graduations were interrupted. He said the protesters should demonstrate in public spaces. ""These people act in a way that they want to really put the students in a difficult situation. I think there’s a silent majority of people that are not happy about anything that's happening right now and that's been happening in the last year,"" Da Porto said. ""You can say what you think, but you're an international student, so you're here to build your career, and you should not bring any problems to the nation. There’s not really a systematic antisemitism problem. It's like a small group of students that do a lot of noise. But outside this small group of students, Jewish students can feel relatively safe on the campus."" Fox News' Alexis McAdams contributed to this report. Michael Dorgan is a writer for Fox News Digital and Fox Business. You can send tips to michael.dorgan@fox.com and follow him on Twitter @M_Dorgan. The hottest stories ripped from the headlines, from crime to courts, legal and scandal. By entering your email and clicking the Subscribe button, you agree to the Fox NewsPrivacy PolicyandTerms of Use, and
      agree to receive content and promotional communications from Fox News. You understand that you can
      opt-out at any time. You've successfully subscribed to this newsletter! This material may not be published, broadcast, rewritten, or redistributed. ©2026 FOX News Network, LLC. All rights reserved. Quotes displayed in real-time or delayed by at least 15 minutes. Market data provided byFactset. Powered and implemented byFactSet Digital Solutions.Legal Statement. Mutual Fund and ETF data provided byLSEG.",https://www.foxnews.com/us/mood-flips-columbia-u-after-quashing-latest-protest-trump-pressure-takes-hold
2024-04-30,Fox News,"This material may not be published, broadcast, rewritten, or redistributed. ©2026 FOX News Network, LLC. All rights reserved. Quotes displayed in real-time or delayed by at least 15 minutes. Market data provided byFactset. Powered and implemented byFactSet Digital Solutions.Legal Statement. Mutual Fund and ETF data provided byLSEG. A group of Columbia University students ripped up and burned their diplomas on Wednesday shortly after graduating. (Credit: FNTV) A group of keffiyeh-wearing anti-Israel protesters ripped up and burned diplomas outsideColumbia Universityon Wednesday shortly after a graduation ceremony at the Ivy League institution, while unruly demonstrators also tangled with police. Chaos erupted outside the university when the protesters – many of whom had their faces covered with masks – torched diplomas in food trays next to a sign that read ""Free Mahmoud Khalil,"" the former student who wasarrested by immigration agentsin March and whom the Trump administration is trying to deport. ""Free, free Palestine,"" and ""You’re committing genocide,"" the protesters yelled in the rain to the sound of drums. A group of keffiyeh-wearing anti-Israel protesters ripped up and burned diplomas outside Columbia University on Wednesday shortly after a graduation ceremony at the Ivy League institution.(Timothy A. CLARY / AFP) At least three people could be seen ripping up diplomas, although only one of them was wearing a Columbia blue robe. The group was surrounded by older demonstrators who didn’t appear to be students and others holding signs indicating they were alumni of the university. MOOD FLIPS AT COLUMBIA U AFTER QUASHING OF LATEST PROTEST, TRUMP PRESSURE TAKES HOLD Police moved in and put out the flames, making one arrest, the NYPD said. Later, protesters clashed with police across the street from the entrance to Columbia. They attempted to push through barriers, but a heavy police force stopped them in their tracks. The protest group then left and headed down 116th Street toward the Hudson River with the NYPD following. The Columbia University Apartheid Divest (CUAD) group, which Khalil helped lead, encouraged students to protest beforehand, taking issue with the university celebrating Prof. Zvi Galil, who has served as the dean of Columbia and as president ofTel Aviv University. Students burn diplomas across the street from the main gates of Columbia University, on May 21, 2025, in New York.(AP Photo/Heather Khalifa) STUDENTS HECKLE COLUMBIA ACTING PRESIDENT AT GRADUATION, SHOUT 'FREE MAHMOUD' ""While 14,000 Palestinian children are at imminent threat of death from the occupation's starvation of Gaza, Columbia wants to honor a WAR CRIMINAL and MURDERER on our campus today,"" the group wrote on X without substantiating their claims. Wednesday’s ceremony involved about 12,000 graduates and an estimated 25,000 family and friends, according to theNew York Post. The disruption followed on from a graduation ceremony on Tuesday where students heckled Acting University President Claire Shipman and shouted, ""Free Mahmoud!"" The chants continuedfor nearly 30 seconds. Once the agitators calmed down, the acting president was able to get through her final points. A person wearing graduate robes is detained by police across the street from the main gates of Columbia University on May 21, 2025, in New York.(AP Photo/Heather Khalifa) It was the latest in a long line of protests to rock the Manhattan college since the onset of the war in Gaza. Last year, the university's encampment protests ignited a wave of campus protests throughout the country. The chaos at Columbia culminated in students taking control of Hamilton Hall and violently clashingwith policein riot gear. The ugly scenes saw more than 200 people arrested. Two weeks ago, students protested inside a library at Columbia, which led to dozens more arrests as the university leadership said it would take a harder approach to illegal behavior on campus. Michael Dorgan is a writer for Fox News Digital and Fox Business. You can send tips to michael.dorgan@fox.com and follow him on Twitter @M_Dorgan. The hottest stories ripped from the headlines, from crime to courts, legal and scandal. By entering your email and clicking the Subscribe button, you agree to the Fox NewsPrivacy PolicyandTerms of Use, and
      agree to receive content and promotional communications from Fox News. You understand that you can
      opt-out at any time. You've successfully subscribed to this newsletter! This material may not be published, broadcast, rewritten, or redistributed. ©2026 FOX News Network, LLC. All rights reserved. Quotes displayed in real-time or delayed by at least 15 minutes. Market data provided byFactset. Powered and implemented byFactSet Digital Solutions.Legal Statement. Mutual Fund and ETF data provided byLSEG.",https://www.foxnews.com/us/anti-israel-protesters-torch-diplomas-outside-columbia-university-graduation-day
2024-04-30,CBS News,"Updated on:  July 4, 2023 / 7:16 PM EDT/ CBS News Thousands of Palestinian residents fled the Jenin refugee camp in the Israeli-occupied West Bank on Tuesday as Palestinian health officials said the death toll fromIsrael's largest raid on the camp in nearly two decadeshad risen to at least 13, according to the Associated Press. One Israeli soldierwas also killedby gunfire in Jenin, an Israel Defense Forces spokesperson reported early Wednesday morning. Meanwhile, at least eight people were injured in a car-ramming attack on a crowded bus stop in the city of Tel Aviv, which the militant group Hamas claimed was a response to the ongoing Jenin raid. Israeli security officials told the AP that the Israeli military had begun withdrawing troops from Jenin late Tuesday night. Palestinian militants in the Gaza Strip fired five rockets toward Israel a few hours after the withdrawal had begun, Israeli military officials told Reuters. All five were intercepted. The Israeli army said the two-day Israeli operation inside the Jenin camp, which sits inside the West Bank city of the same name, involved seizing weapons and destroying command posts and tunnels belonging to Palestinian militant groups. Streets were torn up inside the camp, and gunfire and explosions were heard sporadically throughout the day as Israeli troops and Palestinian militants clashed, though the fighting was reportedly less intense than on Monday. Jenin Mayor Nidal Al-Obeidi said around 4,000 people had fled the refugee camp to seek shelter elsewhere, and Palestinians across the West Bank observed a general strike to protest the raid, according to the AP. ""We are alarmed at the scale of air and ground operations that are taking place in Jenin and continuing today in the West Bank, and especially on air strikes hitting the densely populated refugee camp,"" said Vanessa Huguenin, a spokesperson for the U.N. humanitarian office. She said she'd heard reports that three children were among the dead. Palestinian officials said those killed were between 16 and 23-years-old, CBS News partner network BBC News reported. The charity Doctors Without Borders (MSF) said roads in the Jenin camp had been blocked or destroyed, and that paramedics were being forced to travel on foot amid gunfire and drone strikes to reach the wounded. ""The use of attack helicopters and drone strikes in such a densely populated area represents a marked increase in intensity and is nothing short of outrageous,"" Jovana Arsenijevic, a coordinator for MSF in Jenin, said in a statement. ""The hospital where we are treating patients was struck by tear gas canisters. Medical structures, ambulances and patients must be respected."" Israel's Prime Minister Benjamin Netanyahu said Tuesday that Israeli forces were ""completing the mission"" but that ""our extensive activity in Jenin is not a one time operation,"" the AFP news agency reported. On Tuesday afternoon, a 20-year-old attacker rammed his car into a bus stop full of people in Tel Aviv, Israel's second-most populous city, before emerging and trying to stab people with a knife. The attacker was shot and killed at the scene by an armed civilian, police said. ""In the first seconds you think it could have been a mistake by the driver,"" a witness told BBC News. ""He exited through the window, not the door — like in a movie — with a knife in hand and started chasing civilians. Now you understand it's an attack. We ran for our lives."" The militant group Hamas identified the attacker behind what it lauded as a ""heroic operation,"" and ""legitimate self-defense"" against the Israeli operation in Jenin. Israel's far-right national security minister, Itamar Ben-Gvir, visited the scene of the attack in Tel Aviv and called for more Israeli citizens to take up arms, BBC News reported. © 2023 CBS Interactive Inc. All Rights Reserved. Copyright ©2026 CBS Interactive Inc. All rights reserved.",https://www.cbsnews.com/news/israel-west-bank-jenin-raid-palestinians-tel-aviv-car-ramming-attack/
2024-04-30,CBS News,"The U.N.'s humanitarian agency says thousands of people living in the Jenin refugee camp in the Israeli-occupied West Bank still have no reliable access to fresh water a week afterIsrael's military carried out a deadly, two-day raidon the camp. Israel has defended the raid, arguing that it was necessary to target Palestinian militant groups that operate out of the refugee camp. ""Jenin Refugee Camp, home to about 23,600 people, including 7,150 children, still lacks access to water, a week after the destruction of the local water network in a two-day operation carried out by Israeli forces,"" a report from the United Nations Office for the Coordination of Humanitarian Affairs said Tuesday. It estimated that access to water for 40% of the Jenin camp's residents was still cut. Last week's operation, which left at least 12 Palestinians and one Israeli soldier dead, also drove many Palestinians from their homes in Jenin and left a trail of damage and destruction in its wake, according to the report. The U.N. agency said at least 173 people, or about 40 families, were still displaced from their homes a week after the military operation. The report says thousands of others have returned to homes left ""uninhabitable"" by the Israeli assault, which included strikes by armed drones. An estimated $5.2 million will be needed to address immediate humanitarian needs in Jenin, according to the OCHA report. The operation was Israel's biggest in the West Bank in almost two decades. The Israel Defense Forces struck the camp in an operation it said was aimed at destroying and confiscating weapons from terrorists. Palestinian Authority President Mahmoud Abbas visited Jenin Wednesday to survey the damage. His visit came just days after three of his senior officials were forced to flee a funeral by heckling crowds furious at the PA's response to the Israeli assault, the Reuters news agency reported. Palestinian authorities have launched a ministerial committee to provide reconstruction assistance in the Jenin camp, and the U.N. has said it is in contact with local officials to coordinate those efforts. Violence between Israel and Palestinians has escalated this year, with the West Bank on track to see its deadliest year since 2005,according to the Council on Foreign Relations. Tension has risen steadily since Prime Minister Benjamin Netanyahu returned to power last year, bringing with him Israel'smost far-right government ever. Netanyahu's cabinet includes members of ultra-nationalist political parties that had long been relegated to the sidelines of Israel politics, including his new domestic security minister, who once chanted ""death to Arabs"" and was convicted of inciting racism. Aside from the mounting tension with Palestinians, the new Israeli government has also faced a majorbacklash from Israeliswho believe Netanyahu and his political allies are eroding democratic checks and balances in the country. © 2023 CBS Interactive Inc. All Rights Reserved. Copyright ©2026 CBS Interactive Inc. All rights reserved.",https://www.cbsnews.com/news/israel-west-bank-raid-jenin-refugee-camp-palestinians-no-water-displaced-un/
2024-04-30,CBS News,"Updated on:  October 31, 2023 / 2:20 PM EDT/ CBS News Secretary of State Antony Blinken's testimony before the Senate Appropriations Committee was interrupted Tuesday as protesters called for a cease-fire in the Gaza Strip. Blinken's testimony was part of a hearing reviewing the Biden administration'snational security supplemental funding request. He was interrupted multiple times by shouts from the audience. One woman could be heard yelling ""People are not animals!"" before being led away. Another cried ""Cease-fire now!"" Other silent protesters sat in the chamber with their hands raised and painted red, and signs borne by somecalled for a cease-fireand the end of U.S. funding in Israel. Blinken was not the only official to have his testimony interrupted. Protesters also disrupted comments from Secretary of DefenseLloyd J. Austin. According to a news release sent to CBS News, the protesters were from an organization calledCODEPINK. According to the organization, multiple members, including 29-year U.S. Army veteran and former diplomat Col. Ann Wright and peace activist David Barrows, were arrested for their actions. CODEPINK said the red-painted hands of the silent audience members were meant to symbolize blood. U.S. Capitol Police told CBS News that ""approximately 12 people"" were arrested for ""illegally protesting"" inside the Senate office building. Throughout the interruptions, Blinken continued to outline the Biden administration's request for aid. The administration has requested $106 billion in supplemental funding, which would be used in Ukraine, Israel and more. Blinken said in his testimony that he believed the aid would show ""enduring support"" for the countries. Of the $106 billion, $3.7 billion would be dedicated to Israel's ""security needs,"" including bolstering ""air and missile defense systems,"" Blinken said. In total, $14 billion would be directed to Israel. Another $50 billion of the funding ""will replenish U.S. military stocks, strengthen our domestic defense industrial base, and will be spent through American businesses,"" he said. Republicans have sought to separate Israeli aid from Ukrainian aid and other spending, withCongressional Republicansunveiling a$14.3 billion standalone measureon Monday. That measure would use IRS cuts to fund emergency aid to Israel. The United States' support of Israel has been criticized in recent weeks. Since thebloody terror attackscarried out by Hamas on Oct. 7, Israel and Hamas havetraded missile fire, and an Israeliground invasionof the territory is ongoing. Gaza has been under ablockadethat has prevented food, water and other necessary supplies from entering the territory, except for some humanitarian convoys allowed in recent days. The Hamas-run Gaza Ministry of Health has said therehave been thousands of deathsin Gaza since Oct. 7, many of those deaths children and civilians, leading to furtherbacklash. In his prepared remarks, Blinken addressed the need to reduce civilian deaths. ""As President Biden has made clear from the outset, while Israel has the right — and indeed, the obligation — to defend itself, the way it does so matters,"" Blinken said. ""In our discussions with the Israeli Government, the President and I have both stressed the need for Israel to operate by the law of war and in accordance with international humanitarian law, and to take all possible measures to avoid civilian casualties."" © 2023 CBS Interactive Inc. All Rights Reserved. Copyright ©2026 CBS Interactive Inc. All rights reserved.",https://www.cbsnews.com/news/protesters-disrupt-senate-aid-hearing-secretary-of-state-antony-blinken-speaks/
2024-04-30,CBS News,"Updated on:  January 13, 2024 / 9:15 PM EST/ CBS/AP More than 30 Palestinians, including young children, were killed in Israeli bombardments overnight into Saturday in the Gaza Strip, officials said, while a new U.S. strike against Iran-backed rebels in Yemen heightened fears that the Israel-Hamas war could escalate into a regional conflict. Fears of a wider conflagration have been palpable since the start of the war, triggered by thedeadly Oct. 7 attack on southern Israelby Hamas and other Gaza militants. New fronts quickly opened, with Iran-backed groups —Houthi rebelsin Yemen,Hezbollahin Lebanon and Iran-backed militias in Iraq and Syria — carrying out a range of attacks. From the start, the U.S. increased its military presence in the region to deter an escalation. Following a Houthi campaign of drone and missile attacks on over two dozencommercial ships in the Red Sea, the U.S. and Britain launchedmultiple airstrikesagainst the rebels Friday, and the U.S. hitanother site Saturday. According to the Pentagon, the strikes have struck at least 60 targets, including command centers, missile and drone launch sites, and defense systems. The Houthis have vowed retaliation for the attacks, prompting the U.S. Navy to warn American ships to stay out of the Red Sea and the Gulf of Aden for the next 72 hours. On Friday, President Joe Biden dismissed concerns that the U.S. strikes could antagonize Iran, which backs the Houthis. ""Iran does not want a war with us,"" Biden said in Allentown, Pennsylvania on Friday. In another fallout from the war, the International Court of Justice heard allegations by South Africa this week that Israel committed genocide against the Palestinians. The complaint cited thesoaring death tolland hardships among Gaza civilians, along with inflammatory comments from Israeli leaders cited as proof of what South Africa said was genocidal intent. In counter arguments Friday, Israelasked that the case be dismissedas meritless. Israel's defense argued that Israel had the right to fight back against an enemy bent on its destruction, that South Africa had barely mentioned Hamas and that it ignored what Israel considers attempts to mitigate civilian harm. The court was asked by South Africa to issue interim injunctions, including calling for a halt to Israel's offensive. In Gaza, where Hamas has put up stiff resistance to Israel's blistering air and ground campaign, the war continued unabated. The Gaza Health Ministry said Saturday that 135 Palestinians were killed in the last 24 hours, bringing theoverall toll of the warto 23,843. The count does not differentiate between combatants and civilians, but the ministry has said about two-thirds of the dead are women and children. The ministry said the total number of war-wounded surpassed 60,000. Following an Israeli airstrike before dawn Saturday, video provided by Gaza's Civil Defense department showed rescue workers searching through the twisted rubble of a building in Gaza City by flashlight. Footage showed them carrying a young girl wrapped in blankets with injuries to her face, and at least two other children who appeared dead. A boy, covered in dust, winced as he was loaded into an ambulance. The attack on the home in the Daraj neighborhood killed at least 20 people, according to Civil Defense spokesperson Mahmoud Bassal. Another strike late Friday near the southern city of Rafah on the Egyptian border killed at least 13 people, including two children. The bodies of those killed, primarily from a displaced family from central Gaza, were taken to the city's Abu Youssef al-Najjar hospital where they were seen by an Associated Press reporter. Israel has argued Hamas is responsible for the high civilian casualties, saying its fighters make use of civilian buildings and launch attacks from densely populated urban areas. The Israeli military released a video Saturday that it said showed the destruction of two ready-to-use rocket launching compounds in Al-Muharraqa in central Gaza. A large grove of palm trees and some homes are seen in the frame. In the video, a rocket is being thrown into the air by the blast. The military said there had been dozens of launchers ready to be used. With the war in Gaza entering its 100th day on Sunday, the World Health Organization has said only 15 of the territories' 36 hospitals still partially functional, according to OCHA, the United Nations' humanitarian affairs agency. The main hospital in central Gaza, Al-Aqsa Martyrs Hospital in the city of Deir al-Balah, went dark Friday morning after running out of fuel. Staff were able to keep ventilators and incubators operating with solar-charged batteries during the day, and received a small emergency shipment of fuel from another hospital late Friday. Fuel was expected to run out again on Saturday unless the WHO is able to deliver a promised shipment, hospital officials said. Aid deliveries were being disrupted by a renewed drop in telecommunications connectivity in much of Gaza, which began late Friday. In its Oct. 7 attack, Hamas and other militants killed some 1,200 people in Israel, mostly civilians. About 250 more were taken hostage, and while some have been released or confirmed dead, more than half are believed to still be in captivity. Since the start of Israel's ground operation in late October, 186 Israeli soldiers were killed and another 1,099 injured in Gaza, according to the military. More than 85% of Gaza's population of 2.3 million has been displaced as a result of Israel's air and ground offensive, and vast swaths of the territory have been leveled. Amid already severe shortages of food, clean water and fuel in Gaza, OCHA said in its daily report that Israel's severe constraints on humanitarian missions and outright denials had increased since the start of the year. The agency said only 21% of planned deliveries of food, medicine, water and other supplies have been successfully reaching northern Gaza. ""These denials paralyze the ability of humanitarian partners to respond meaningfully, consistently and at-scale to widespread humanitarian needs,"" the agency said. The U.N. has accused Israel of blocking efforts to bring aid to northern Gaza, but Israel claims it's Hamas diverting the supplies. Roughly 110 aid trucks enter Gaza each day, an increase from the 70 such trucks that were entering the territory daily before the war. While there are ""more than enough"" supplies, according to Coordination and Liaison Administration for Gaza head Colonel Moshe Tetro, agecy understaffing make it impossible to distribute them. American and other international efforts pushing Israel to do more to alleviate the suffering of Palestinian civilians have met with little success. At the same time, Shifa Hospital in Gaza City, the territory's main hospital that had been shut down since November, had begun partially functioning again, the WHO said Friday. Director-General Tedros Ghebreyesus said his organization has delivered 9,300 liters (2,460 gallons) of fuel to Shifa, allowing a 60-person medical team to begin treating more than 1,000 patients. The war in Gaza will mark its hundredth day on Sunday. © 2024 CBS Interactive Inc. All Rights Reserved. This material may not be published, broadcast, rewritten, or redistributed. The Associated Press contributed to this report. Copyright ©2026 CBS Interactive Inc. All rights reserved.",https://www.cbsnews.com/news/more-than-30-palestinians-reported-killed-israeli-airstrikes-gaza-strip/
2024-04-30,CBS News,"Leaders of Students Supporting Israel and Students for Justice in Palestine both feel unsafe on the campus of Columbia University, the site of ongoing heated protests over theIsrael-Hamas war. Tensions over the conflict in the Middle East have boiled over onto campuses in the U.S., leaving colleges across the country dealing with reported antisemitism and Islamophobia. At several institutions, students on both sides are upset over the response from university administrators. Demonstrators have protested and marchedat college campuses across the country in the weeks since Hamas' deadly Oct. 7 attack on Israel, which resulted in roughly 1,200 dead, and an estimated 240 taken hostage in Gaza, according to Israeli officials. Israel's bombardment of Gaza in response has led to more than 15,000 deaths, according to the Hamas-run Gaza Health Ministry. Amid the conflict, Jewish and Muslim students across the U.S. are confronting anuptick in antisemitism and Islamophobia. On Tuesday, the presidents of Harvard, the University of Pennsylvania and MIT will testify before Congress about antisemitism on college campuses. Eden Yadegar, the head of Students Supporting Israel at Columbia, said students on all sides of the issue feel unease on campus. ""It's tense. It's hostile,"" Yadegar said. ""There have been days where I've had to walk through not one, but two protests on campus in order to get to my classes."" A fellow student, who asked to be identified only as ""David,"" citing safety concerns, said he was confronted late at night while leaving the library. He said someone repeatedly shouted ""f--k the Jews"" at him. Maryam Alwan, one of the leaders of Columbia's chapter of Students for Justice in Palestine, said she's faced repercussions for speaking out publicly. ""There have been a lot of death threats. There have been professors at the school who have been calling us terrorists,"" Alwan said. ""So they close all the gates. They bring hordes of NYPD. And then they make all of the students of color feel unsafe."" She's been avoiding campus. Other pro-Palestinian student protesters have worried about doxxing, the public sharing of their personal information. Students have had their names and faces paraded outside campus on a digital billboard. Alwan's group, along with student group Jewish Voice for Peace, weresuspended from campusthrough the end of the fall term. Soon after the suspensions were announced, Mohsen Mahdawi stepped up to lead a diverse and growing coalition of more than 80 campus groups. Mahdawi grew up in a refugee camp in the Israeli-occupied West Bank and is now co-president of Columbia's Palestinian Students Union. The students on each side seem united by one thing: pain. Many on each side are talking past each other. Mahdawi shared how he's trying to get past that. ""I'm inviting them to come and look at my wounds,"" Mahdawi said. ""The pain that I lived and my people are living is real."" Columbia University President Minouche Shafik has largely been absent from the public turmoil. This past Thursday, she gave opening remarks at a live-streamed panel discussion on the crisis and protesters tried to shut it down. In her few cautious statements to the campus, she managed to offend both sides — by not specifically mentioning the thousands of Palestinians killed in Gaza or condemning Hamas, by name, for its terrorist attack on Israeli civilians. The failure to condemn Hamas infuriated Shai Davidai, an Israeli assistant professor of management at the Columbia Business School. ""I think it's a mixture of cowardice,"" he said. ""And part of it is callousness."" Two weeks after the attack, in an animated speech that he urged students to record and post online, Davidai called President Shafik ""a coward,"" chiding her for not condemning Hamas or banning student groups that he says ""support terror."" Meanwhile, Mahdawi has also called out Shafik. He says when she sent out her statements to the student body, ""she did not acknowledge the Palestinian side, at all."" Asked if he knows that ""Jewish students and faculty say pretty much the exact same thing,"" Mahdawi said, ""There is a difference. A huge difference. The other side, the pro-Israel side, wants the administration to silence us. Not giving us space to mourn, to cry together."" Davidai said that he's not asking for restrictions of free speech, just equal treatment. At Dartmouth, a former Egyptian diplomat and an American-Israeli journalist are working together to facilitate understanding. Ezzedine Fishere, the former diplomat, is a senior lecturer in the Middle Eastern Studies program at Dartmouth. ""Thankfully, the reaction here has been I think a lot better than what I hear has been happening on other campuses,"" Fishere said. After the Oct. 7 attack, Fishere and Avishai participated in campus forums organized by the department chairs of the Jewish Studies and Middle Eastern Studies programs, which have collaborated closely for the past seven years. ""It was there in the DNA already,"" Avisahi said. ""Because you can't do this at the last minute. You have to start doing it years before the crisis strikes."" The forums served as a kind of pressure valve for students to vent, lament and ask tough questions. Hundreds attended in person while more than 2,000 watched online. For two years, Avishai and Fishere have been co-teaching a course called ""Politics of Israel and Palestine."" They see it as a space that encourages students' understanding of each side of the conflict. ""What you need to know from me is a method of learning and thinking, identifying biases,"" Fishere said. ""That's what I can help you with."" Students Yasmine Abouali, Sami Lofman, Jackson Yassin and Faisal Azizi took the class. ""I think it's really valuable to think through why you believe what you believe and find the weak points and see where things maybe should change,"" Lofman said. ""It allows you to have much more meaningful conversations with others."" Fishere said those conversations are central to the class message. ""We have this incredible privilege of having that space of learning and growth,"" Fishere said. ""And that is much more valuable than one more violent protest or any of that stuff that we have seen in other places."" © 2023 CBS Interactive Inc. All Rights Reserved. Copyright ©2026 CBS Interactive Inc. All rights reserved.",https://www.cbsnews.com/news/college-campuses-rattled-israel-hamas-war-60-minutes/
2024-04-30,CBS News,"October 13, 2023 / 7:55 AM EDT/ CBS Pittsburgh PITTSBURGH (KDKA) - Parts of Washington D.C. and other areas of the country are now on heightened alert as law enforcement agencies are stepping up patrols. The action comes after a former Hamas leader is pushing for protests around the Muslim world today and here in the Pittsburgh area, a pro-Palestine rally is set for today. People will be reportedly gathering at Bigelow and Forbes in Oakland at 3 p.m. this afternoon for what is being called ""A Day of Action for Palestine."" It comes as there are several reports of potential pro-Palestine rallies today. There was an increased police presence in Oakland on Friday morning, but it's not known if they were there for that or something else. Since the war began, across the country, people have been protesting and making their voices heard. CBS News said they've reviewed multiple internal law enforcement bulletins and security assessments that warn of homegrown and domestic violent extremists and their likelihood to mobilize in response to the Israel-Hamas war. The Anti-Defamation League's Center on Extremism also put out an alert saying they are aware of calls for individuals and groups around the world to dedicate today to pro-Hamas activism. This all comes after what the ADL is calling ""inflammatory calls by Students for Justice in Palestine to dismantle Zionism on college campuses."" The ADL added that it's reviewed the information and is in close contact with law enforcement as well as Jewish security organizations. It's important to note at this time that the ADL is not aware of any credible threats to the Jewish community here in the United States, but given the heightened tensions, they're strongly recommending synagogues and Jews to remain aware of suspicious activities. As always - if you see something, say something. Lastly, avoid any confrontation with protestors. The University of Pittsburgh provided KDKA with the following statement: ""Like other departments around the country, the Pitt Police will have an increased security presence in the coming days. We will continue monitoring global, national and local events and remain in regular contact with federal, state and local partners. At this time we have no information of any specific or credible threats to the area. Students, faculty and staff should reach out to Pitt Police with any safety concerns at 412-624-212 or by using the Rave Guardian App to call, text, or submit tips."" Meanwhile, Pittsburgh Police provided us with the following: Our Traffic Unit officers will be standing by - as they are with all planned demonstrations or rallies - and have made it a priority to respect demonstrators' First Amendment rights while also ensuring public safety."" © 2023 CBS Broadcasting Inc. All Rights Reserved. ©2026 CBS Broadcasting Inc. All Rights Reserved.",https://www.cbsnews.com/pittsburgh/news/law-enforcement-agencies-across-the-u-s-step-up-patrols-ahead-of-potential-pro-palestine-rallies/
2024-04-30,CBS News,"Updated on:  April 23, 2024 / 12:29 PM EDT/ CBS News New York— Tension gripped college campuses across the United States Tuesday morning as Jewish students marked the Passover holiday amid disturbing allegations of antisemitism at pro-Palestinian protests. The demonstrations have ramped up in recent days as Israel's devastating war against Hamas grinds on in the Gaza Strip, where the Hamas-run Health Ministry says more than 34,000 people have been killed, most of them women and children. In New York, Columbia University's president cancelled in-person classes Monday in response to the protests andsaid classes would be hybridthrough the end of the semester. With Passover beginning, the school said it had more than doubled its security presence to make Jewish students feel safe. There were chaotic scenes overnight at Cal Poly Humboldt, in Northern California, meanwhile, as police in riot gear clashed with pro-Palestinian protesters who barricaded themselves inside a campus building. The group, in messages posted online, issued a series of demands for their university to disclose and cut all ties with Israel, and for Israel to end its occupation of Palestinian territory and agree to a cease-fire in Gaza. At one point, a live video streaming online showed police pushing and shoving against students as they tried to enter the building. Protesters outside New York University were arrested Monday as NYPD officers broke up another protest there. CBS New York's Dan Rice reportedat least two dozen demonstrators were taken by police onto four waiting buses, as officers dismantled and removed tents. The NYPD later confirmed 120 individuals were taken into custody; 116 were released with summonses for trespass, while four were issued desk appearance tickets on charges including resisting arrest. Rice said at one point some protesters started throwing objects in the direction of police. The demonstrations have spread to campuses from coast to coast,including University of California, Berkeley, where students set up an encampment overnight in Sproul Plaza. While most of the protesters voice support for Palestinians and anger at Israel's handling of the war — not at Jews — many Jewish students have said they fear for their personal safety after incidents of antisemitism. Near Columbia University, antisemitic slogans including ""go back to Poland"" were heard among the protesters' chants. In one video, a demonstrator can be seen holding a sign near Jewish students that reads: ""Al-Qassam's next targets."" Al-Qassam is the military wing of Hamas, which carried out the Oct. 7 terrorist attack on Israel, killing about 1,200 people and sparking the war in Gaza. Some Jewish students say threatening messages like that have them petrified to even set foot on campus. At the University of Michigan,one student told CBS Detroit, ""It's scary, it's terrifying. The sign says, 'Long Live the Intifada' ... not a comfortable feeling."" But many of the demonstrators at Columbia and other universities insist they reject antisemitism and are directing their anger at Israel and its policies. ""Many people you see here today are Jewish,"" one protester at Columbia told CBS News. ""Many of thepeople arrested on Thursdaywere Jewish… anti-Zionism and antisemitism are two very different things."" That line has been blurred, however, by the actions of some of the protesters, and Adam Lehman, president and CEO of the world's biggest Jewish student organization, Hillel, said the antisemitic chants directed at students in recent days can evoke painful memories for those whose families escaped persecution in Europe just a couple generations ago. ""The issues that we are trying to address for Jewish students and other students are not about speech, they're about conduct. They are about targeted harassment,"" he told CBS News. ""Those Jewish students themselves, even though they're young, their family members, those who they're going to sit down with at the Seder table, in some cases, themselves experienced… aspects of the Holocaust,"" Lehman said. ""So, when they see these chants as pro-Hamas chants, or as we saw at Columbia… someone indicating that Jews there would be the next Hamas targets, of course they feel it deeply, and they feel it in a post-traumatic sort of way we're working so hard to eliminate."" Speaking Monday, President Biden said he condemned ""the antisemitic protests,"" but he added: ""I also condemn those who don't understand what's going on with the Palestinians."" © 2024 CBS Interactive Inc. All Rights Reserved. Copyright ©2026 CBS Interactive Inc. All rights reserved. We and our partners use cookies to understand how you use our site, improve your experience and serve you personalized content and advertising. Read about how we use cookies in ourcookie policyand how you can control them by clickingManage Settings. By continuing to use this site, you accept these cookies.",https://www.cbsnews.com/amp/news/pro-palestinian-protests-leave-college-campuses-on-edge-coast-to-coast/
2024-04-30,CBS News,"Updated on:  April 26, 2024 / 2:39 AM EDT/ CBS/AP Police broke up a demonstration againstIsrael's war against Hamas in Gazaon Thursday at Emory University in Atlanta, the latest flashpoint in agrowing movementon college campuses around the country. Hundreds of people have been arrested in California, Massachusetts, Texas and other states during the tense protests, followingseveral roundsofarrests in New Yorkin recent days. Several dozen protesters set up tents in an encampment on Emory's quad early Thursday morning, Assistant Vice President Laura Diamond said in a statement. The initial group of protesters wasn't associated with the university, but they were later joined by some members of the Emory community, Diamond said. Protesters chanted slogans supporting Palestinians and opposing apublic safety training centerbeing built in Atlanta. The school's police department told the group they were trespassing, and police took around two dozen people into custody and cleared the quad when they refused to leave, Diamond said. Some officers carried semiautomatic weapons, and video showed officers using a stun gun on one protester who they had pinned to the ground. The Georgia State Police confirmed later Thursday that officers used a Taser on one protester who they said was resisting arrest. The protester was tased twice before he was taken into custody, according to Courtney Lund, a public information officer for the state police. The Emory and Atlanta police departments requested assistance from state law enforcement authorities after being met by university protesters who threw bottles and refused to leave, Lund said. The university police called city and state authorities after deciding that the initial group of protesters were not affiliated with Emory University based on their refusal to confirm their connections, Cheryl Elliott, the university's Vice President for Public Safety, said in a statement Thursday evening, adding that the individual who was tased also ""is not a member of the Emory community."" ""Due to the direct assault of officers, law enforcement released chemical irritants into the ground to assist with crowd control,"" Elliot said. At 7:41 a.m. a few dozen protestors arrived on campus. When they arrived, these individuals ignored and pushed past EPD officers stationed on the Quad and set up tents in an area where equipment and materials were staged for Commencement. Based on their actions and refusal to confirm their connection to Emory, EPD made the assessment that these individuals were not Emory community members. At Emerson College in Boston, chaos erupted overnight as police tried to break up a pro-Palestinian alleyway camp. Police said Thursday 108 peoplewere arrestedand four police officers suffered injuries that were not life-threatening. Video shows police first warning students in the alleyway to leave. Students link arms to resist officers, who move forcefully through the crowd and throw some protesters to the ground. ""As the night progressed, it got tenser and tenser. There were just more cops on all sides. It felt like we were being slowly pushed in and crushed,"" said Ocean Muir, a sophomore at Emerson. ""For me, the scariest moment was holding these umbrellas out in case we were tear-gassed, and hearing them come, and hearing their boots on the ground, just pounding into the ground louder than we could chant, and not being able to see a single person,"" she said. Muir said police lifted her by her arms and legs and carried her away. Along with other students, Muir was charged Thursday with trespassing and disorderly conduct. Emerson College leaders had earlier warned students that the alley has a public right-of-way and city authorities had threatened to take action if the protesters didn't leave. Emerson canceled classes Thursday. In nearby Cambridge, Harvard University had sought to stay ahead of protests this week by limiting access to Harvard Yard and requiring permission for tents and tables. That didn't stop protesters fromsetting up a campwith 14 tents Wednesday following a rally against the university's suspension of the Harvard Undergraduate Palestine Solidarity Committee. Harvard law student Tala Alfoqaha, who is Palestinian, said she and other protesters want more transparency from the university. ""My hope is that the Harvard administration listens to what its students have been asking for all year, which is divestment, disclosure and dropping any sort of charges against students,"" she said. In Philadelphia, more than 100 students at Temple University walked out of class and marched from campus to City Hall,CBS Philadelphia reported. The protesters were also joined by students from Drexel University. George Washington University in the nation's capital on Thursday evening called anti-war encampments ""an unauthorized use of university space"" and said they were in violation of several university policies. Indiana University's police department similarly said a gathering of tents at Dunn Meadow was in violation of the university's policies and that 33 people were arrested after refusing to take them down. Students protesting the Israel-Hamas war are demanding schools cut financial ties to Israel and divest from companies enabling its monthslong conflict. Some Jewish students say the protests haveveered into antisemitismand made them afraid to set foot on campus as graduation nears, partly prompting a heavier hand from universities. Another 93 people were arrested Wednesday night during a protest at theUniversity of Southern Californiaand accused of trespassing, the Los Angeles Police Department said. There were no reports of injuries. Tensions were already high at USC after the universitycanceleda planned commencement speech by the school'spro-Palestinian valedictorian, citing safety concerns. On Thursday, the universitycanceledits main-stage commencement ceremony, which is attended by as many as 65,000 people, because of the amount of time needed to process the crowd in line with new safety measures, USC said. Individual school ceremonies would still be held. After scuffles with police early Wednesday, a few dozen demonstrators standing in a circle with locked arms were detained one by one without incident later in the evening. Officers encircled the dwindling group sitting in defiance of an earlier warning to disperse or be arrested. Beyond the police line, hundreds of onlookers watched as helicopters buzzed overhead. The school closed the campus. ""Both sides of my family were displaced from Palestine, and I'm here using my voice because my grandparents couldn't,"" protester Randa Sweiss told CBS Los Angeles. In Northern California, students atCalifornia State Polytechnic University, Humboldt, barricaded inside a building for a third day, and the school shut down campus through the weekend and made classes virtual. At theUniversity of Texas at Austin, hundreds of local and state police — including some on horseback and holding batons — moved against protesters Wednesday, at one point sending some tumbling into the street. Officers pushed their way into the crowd and made arrests at the behest of the university and Texas Gov. Greg Abbott, according to the state Department of Public Safety. A photographer covering the demonstration for Fox 7 Austin was in the push-and-pull when an officer yanked him backward to the ground, video shows. The station confirmed that the photographer was arrested. A longtime Texas journalist was knocked down in the mayhem and could be seen bleeding before police helped him to emergency medical staff. Dane Urquhart, a third-year Texas student, called the police presence and arrests an ""overreaction,"" adding that the protest ""would have stayed peaceful"" if the officers had not turned out in force. ""Because of all the arrests, I think a lot more (demonstrations) are going to happen,"" Urquhart said. Police left after hours of efforts to control the crowd, and about 300 demonstrators moved back in to sit on the grass and chant under the school's iconic clock tower. In a statement Wednesday night, the university's president, Jay Hartzell, said: ""Our rules matter, and they will be enforced. Our University will not be occupied."" On Thursday, university spokesperson Brian Davis said not everyone at the protests were students. ""There was significant participation by outside groups present on our campus yesterday,"" Davis said in a statement. He said 26 of the 55 people arrested were unaffiliated with the university. The Travis County Attorney's Office, which prosecutes misdemeanor crimes, dropped 46 cases stemming from Wednesday's protests after finding deficiencies in the probable cause affidavits, a spokesperson said in a statement. While grappling with growing protests from coast to coast, schools have the added pressure of approaching May commencement ceremonies. At Columbia University in New York, students defiantly erected an encampment where many are set to graduate in front of families in just a few weeks. Columbiacontinued to negotiatewith students after several failed attempts to clear the encampment and over 100 arrests in recent days. The university averted another confrontation between students and police Wednesday. University President Minouche Shafik had set on Tuesday a midnight deadline to reach an agreement on clearing an encampment, but the school extended negotiations for another 48 hours. Late Thursday night, the school said, ""The talks have shown progress and are continuing as planned. ... We have our demands; they have theirs. A formal process is underway and continues. There is a rumor that the NYPD has been invited to campus this evening. This rumor is false."" Nevertheless, two police buses were parked nearby and there was a noticeable presence of private security and police at entrances to the campus. Just past midnight, a group of some three dozen pro-Palestinian protestors handed out signs and started chanting outside of the locked Columbia University gates. They then marched away as at least 40 police officers assembled nearby. A group of Columbia University students filed a federal civil rights complaint against the school Thursday, accusing it of discriminating against Palestinian students and pro-Palestinian protesters,CBS New York reports. On a visit to campus Wednesday, U.S. House SpeakerMike Johnson, a Republican, called on Shafik to resign ""if she cannot immediately bring order to this chaos."" He claimed the university is being taken over by a radical and extreme ideology, citing several recent incidents of antisemitic language by protesters on and off campus. ""We need the National Guard, law enforcement or someone to come in here and take control,"" Johnson told CBS News correspondent Nancy Chen. ""Desperate times call for desperate measures."" New York Gov. Kathy Hochul accused Johnson of politicizing the protest by coming to campus and said she has no plans to call in the National Guard for now. Senate Minority LeaderMitch McConnelltook a measured approach Thursday on how to handle the demonstrations, telling CBS News he'd wait to see if university presidents ""can get control of the situation"" before taking more forceful measures. On Wednesday evening, a Columbia spokesperson said rumors that the university had threatened to bring in the National Guard were unfounded. ""Our focus is to restore order, and if we can get there through dialogue, we will,"" said Ben Chang, Columbia's vice president for communications. Democratic Rep. Ilhan Omar of Minnesota, whosedaughter was involvedin the protests, visited the protesters on Thursday. ""I had the honor of seeing the Columbia University anti-war encampment firsthand,"" Omar wrote on social media. ""Contrary to right-wing attacks, these students are joyfully protesting for peace and an end to the genocide taking place in Gaza. I'm in awe of their bravery and courage."" Columbia graduate student Omer Lubaton Granot, who put up pictures ofIsraeli hostagesnear the encampment, said he wanted to remind people that there were more than 100 hostages still being held by Hamas. ""I see all the people behind me advocating for human rights,"" he said. ""I don't think they have one word to say about the fact that people their age, that were kidnapped from their homes or from a music festival in Israel, are held by a terror organization."" On Wednesday about 60 tents remained at the Columbia encampment, which appeared calm. Security remained tight around campus, with identification required and police setting up metal barricades. Columbia said it had reached an agreement with protest representatives that only students would remain at the encampment, and that the protesters ""have taken steps to make the encampment welcome to all and have prohibited discriminatory or harassing language."" Elsewhere in Manhattan, at New York University this week, police said 133 protesters were taken into custody. At the City College of New York on Thursday, hundreds of students who were gathered on the lawn beneath the Harlem campus' famed gothic buildings erupted in cheers after a small contingent of police officers retreated from the scene. In one corner of the quad, a ""security training"" was held among students. And on Monday, more than 40 protesters were arrested at an encampment atYale Universityin Hew Haven, Connecticut, and charged with criminal trespass, a misdemeanor. The school issued a statement Thursday night saying, ""Well established university rules prohibit camping and overnight events. Demonstrators exercised their first amendment rights for several hours and were then instructed to disperse. Individuals who refused to leave after multiple warnings were arrested and charged with criminal trespass."" The Columbus Dispatch put the numberat over a dozen and said the demonstration lasted about six hours. © 2024 CBS Interactive Inc. All Rights Reserved. This material may not be published, broadcast, rewritten, or redistributed. The Associated Press contributed to this report. Copyright ©2026 CBS Interactive Inc. All rights reserved. We and our partners use cookies to understand how you use our site, improve your experience and serve you personalized content and advertising. Read about how we use cookies in ourcookie policyand how you can control them by clickingManage Settings. By continuing to use this site, you accept these cookies.",https://www.cbsnews.com/amp/news/university-protests-israel-hamas-war-gaza-arrests-campus/
2024-04-30,CBS News,"Updated on:  April 27, 2024 / 8:44 PM EDT/ CBS/AP Hundreds ofstudents protesting the Israel-Hamas war at college campusesacross the nation vowed to keep their demonstrations going despite some universities moving to shut down the encampments after reports of antisemitic activity among the protestors. As the death toll mounts in the war in Gaza, protesters nationwide are demanding that schools cut financial ties to Israel and divest from companies they say are enabling the conflict. Meanwhile, some Jewish students say the protests have veered into antisemitism and made them afraid to set foot on campus. Early Saturday, police in riot gearcleared out a student encampment on the campus of Northeastern University in Boston. The school said the demonstration, which began two days ago, had become ""infiltrated by professional organizers"" with no affiliation to the school. The school said in a statement that antisemitic slurs, including ""Kill the Jews,"" were used. ""We cannot tolerate this kind of hate on our campus,"" said the statement, which was posted on the social media platform X. As workers pulled down tents and bagged up the debris from the encampment, several dozen people across from the encampment chanted, ""Let the Kids Go,"" and slogans against the war in Gaza. They also booed as police cars passed and taunted the officers who stood guard over the encampment. The Huskies for a Free Palestine student group disputed the university's account, saying in a statement that counterprotesters were to blame for the slurs and no student protesters ""repeated the disgusting hate speech."" Students at the protest said a counterprotester attempted to instigate hate speech but insisted their event was peaceful and, like many across the country, was aimed at drawing attention to what they described as the ""genocide"" in Gaza and their university's complicity in the war. Massachusetts State Police said about 102 protesters were arrested and will be charged with trespassing and disorderly conduct. The University of Pennsylvania took similar action to Northeastern on Friday, when interim President J. Larry Jameson called for an encampment of protesters on the west Philadelphia campus to be disbanded, saying it violates the university's facilities policies, though about 40 tents remained in place Saturday morning. The ""harassing and intimidating comments and actions"" by some protesters violate the school's open expression guidelines as well as state and federal law, Jameson said, and vandalism of a statue with antisemitic graffiti was ""especially reprehensible and will be investigated as a hate crime."" A faculty group said Saturday that it was ""deeply disturbed"" by the university president's email, saying it included ""unsubstantiated allegations"" that ""have been disputed to us by faculty and students who have attended and observed the demonstration."" The university's chapter of the American Association of University Professors said Jameson's statement ""mischaracterizes the overall nature of an antiwar protest that necessarily involves strong emotions on both sides but has not, to our knowledge, involved any actual violence or threats of violence to individuals on our campus."" Student protesters say they are drawing attention to the war in Gaza, where an Israeli offensive has killed over 34,000 Palestinians, displaced about 80% of the population and pushed hundreds of thousands of people to the brink of famine. The war was triggered by Hamas' Oct. 7 attack into Israel, in which militants killed some 1,200 people, mostly civilians, and took another 250 people hostage. Israel and its supporters have branded the protests as antisemitic, while critics of Israel say it uses such allegations to silence opponents. Although some protesters have been caught on camera making antisemitic remarks or violent threats, organizers of the protests, some of whom are Jewish, say it is a peaceful movement aimed at defending Palestinian rights and protesting the war. At Columbia University, whose encampment —now in its 11th dayon the school's main lawn — inspired the wave of protests across the country, there have been reports of ""outside agitators"" who have infiltrated the protest ""to spew hate and antisemitism,"" NYPD Deputy Commissioner Kaz Daughtry said ina post to social media. ""What may have started as a group of Columbia students wanting to express their constitutional right to protest has drawn crowds of outside agitators who are trying to hijack a peaceful protest and turn it something far more sinister,"" he said. In astatement on the university's websiteFriday, school officials condemned the reports of antisemitism, calling them ""intolerable."" ""And the safety situation has become concerning, particularly with the involvement of individuals not associated with Columbia,"" said the letter, attributed to President Minouche Shafik, Provost Angela Olinto, and David Greenwald and Claire Shipman, co-chairs of the board of trustees. ""Chants, signs, taunts, and social media posts from our own students that mock and threaten to 'kill' Jewish people are totally unacceptable, and Columbia students who are involved in such incidents will be held accountable. We can report that one individual whose vile videos have surfaced in recent days is now banned from campus,"" the letter said. In a statement Saturday evening on Columbia University's website, Ben Chang, a school spokesperson, said there was ""no truth to claims of an impending lockdown or evictions on campus."" The university canceled a planned press briefing Saturday, saying it was ""a quiet day on campus."" Students representing the Columbia University encampment said Friday that they reached an impasse with administrators and intended to continue their protest. The university's senate passed a resolution Friday that created a task force to examine the administration's leadership, which last week called in police in an attempt to clear the protest, resulting in scuffles and more than 100 arrests. Though the university has repeatedly set and then pushed back deadlines for the removal of the encampment, the school sent an email to students Friday night saying that bringing back police ""at this time"" would be counterproductive. Also Friday, Columbia student protester Khymani James walked back comments made in an online video in January that recently received new attention. James said in the video that ""Zionists don't deserve to live"" and people should be grateful James wasn't killing them. ""What I said was wrong,"" James said in a statement. ""Every member of our community deserves to feel safe without qualification."" James, who served as a spokesperson for the pro-Palestinian encampment as a member of Columbia University Apartheid Divest, was banned from campus Friday, according to a Columbia spokesperson. Protest organizers said James' comments didn't reflect their values. They declined to describe James' level of involvement with the demonstration. The decisions to call in law enforcement, leading to hundreds of arrests nationwide, have prompted school faculty members at universities in California, Georgia and Texas to initiate or pass votes of no confidence in their leadership. They are largely symbolic rebukes, without the power to remove their presidents. But the tensions pile pressure on school officials, who are already scrambling to resolve the protests as Maygraduation ceremoniesnear. The University of Southern California, which had alreadycanceled its valedictorian's speech, said it would not hold a graduation ceremony, citing safety concerns. California State Polytechnic University, Humboldt, had given protestors who had barricaded themselves inside a building since Monday until 5 p.m. Friday to leave and ""not be immediately arrested."" The deadline came and went. Only some of the protesters left, others doubled down. After protesters rebuffed police earlier in the week, the campus wasclosed for the rest of the semester. On Saturday afternoon, Cal Poly Humboldt announced in a statement that a ""hard closure"" of the campus was in place,"" and ""anyone on campus without permission is subject to citation or arrest."" Students who live in campus residence halls ""have permission to remain in the limited area of the hall they live in and dining facilities,"" the school said, but cannot be on other parts of campus. In Colorado, police swept through an encampment Friday at Denver's Auraria Campus, which hosts three universities and colleges, arresting around 40 protesters on trespassing charges. Denver mayor Mike Johnston visited the campus on Friday night for a brief conversation with pro-Palestinian protestorswho have occupied the lawnin front of the Tivoli Student Union. He waspeppered with questions and tauntsas he called for an end to the encampment. ""We are here to try to make sure we can help you all exercise to protest peacefully. We want this to be a campus where you can exercise your First Amendment rights and be respected to do that,"" said Johnston. ""We also have to have a campus that can continue to operate here so our ask is we need to you all to be able to pull down the tents. That is against campus policy. You can continue to protest peacefully once the tents come down."" The protests have inspired students around the world. In France, students at the Paris Institute of Political Studies, which counts President Emmanuel Macron among its many famous alumni, students blocked access to a campus building and classes went online as the wave of protests reached overseas. © 2024 CBS Interactive Inc. All Rights Reserved. This material may not be published, broadcast, rewritten, or redistributed. The Associated Press contributed to this report. Copyright ©2026 CBS Interactive Inc. All rights reserved.",https://www.cbsnews.com/news/college-student-protesters-demonstrations-israel-hamas-war-grow/
2024-04-30,CBS News,"Updated on:  April 29, 2024 / 9:52 PM EDT/ CBS/AP Student protests over the Israel-Hamas war have popped up at many college campuses following the arrest of demonstrators this month at Columbia University. The students are calling for universities to separate themselves from companies that are advancing Israel's military efforts in Gaza — and in some cases from Israel itself. The number of arrests nationwide has approached 1,000 since New York police arrested demonstrators at Columbia on April 18. Protests on many campuses have been orchestrated by coalitions of student groups. The groups largely act independently, though students say they're inspired by peers at other universities. Some universities say outsiders have joined student protesters and caused trouble. The protests have even spread to Europe, with French police removing dozens of students from the Sorbonne university after pro-Palestinian protesters occupied the main courtyard. Pro-Palestinian student protesters set up a tent encampment at the Ivy League university in New York earlier this month. Police first tried to clear the encampment April 18, when they arrested more than 100 protesters. But the move inspired students across the country and motivated Columbia protesters to regroup. Columbia told protesters Monday that if they left the encampment by an afternoon deadline and signed a form committing to abide by university policies through June 2025 or an earlier graduation, they can finish the semester in good standing. If not, the letter said, they will be suspended, pending further investigation. Columbia activists defied the deadline with chants, clapping and drumming from the encampment of more than 300 people. No officials appeared to enter the encampment, with at least 120 tents staying up as the deadline passed. ""This is not a matter of simply violating university rules. This is a movement, an anti-war movement. We have sparked similar Gaza solidarity encampments across the nation and even across the globe,"" Columbia University student Mahmoud Khalil said, according toCBS New York. Commencement is set for May 15. The demonstrations led Columbia to hold remote classes and set a series of deadlines for protesters to leave the encampment. Columbia's president, Minouche Shafik, faced a significant, but largely symbolic, rebuke from faculty Friday but retains the support of trustees, who have the power to hire or fire the president. The protest is the latest in a Columbia tradition that dates back more than five decades — one that also helped provide inspiration for the anti-apartheid protest of the 1980s, the Iraq war protests, and more. Protesters descended again at the University of Texas at Austin on Monday. Six people quickly were arrested and police and state troopers were taking others into custody one by one. Dozens of police officers and state troopers, many of them in riot gear, arrived at the university shortly after more than 100 protesters packed in a tight group on a lawn in front of the campus' main tower. As arrests were being made, police also removed tables that protesters had set out. The university said in a statement the demonstrators had ""ignored repeated directives"" to take the tents down. Texas Gov. Greg Abbott reposted video of the troopers arriving to the 50,000-student campus on social media platform X. ""No encampments will be allowed. Instead, arrests are being made,"" Abbott posted. Hundreds of police — including some on horseback and holding batons — pushed into protesters at the university last week, at one point sending some tumbling into the street. Officers made 34 arrests at the behest of the university and Abbott, according to the state Department of Public Safety. Police in riot gear cleared an encampment at Boston's Northeastern University on Saturday. State police said about 100 protesters were arrested and would be charged with trespassing and disorderly conduct. Northeastern said in a statement that the demonstration was ""infiltrated by professional organizers"" with no affiliation to the university and that antisemitic slurs, including ""kill the Jews,"" had been used. The Huskies for a Free Palestine student group said that counter-protesters were to blame for the slurs and that no student protesters ""repeated the disgusting hate speech."" In a statement Monday, Northeastern chancellor Ken Henderson and provost David Madigan said of the 98 people arrested Saturday, 29 were Northeastern students and six were staff. ""The escalation of tensions on Friday night made it necessary to restore civility and ensure that our campus is a place where all students - including the more than 8,000 who are celebrating their commencements this week - can share in full and free access to space and facilities,"" the statement said. Tufts is demanding students dismantle their pro-Palestinian encampment so that the school can move forward with its commencement ceremony, CBS Bostonreported. ""We have even delayed some preparations for commencement as much as possible to allow the protest to resolve peacefully,"" the school said, according to CBS Boston. ""But now the encampment must end, ideally peacefully and voluntarily, so we can prepare the campus for commencement."" Addressing the encampment at her school, MIT President Sally Kornbluth said in a statement the school is ""open to further discussion about the means of ending the encampment,"" but said that ""this particular form of expression needs to end soon,"" CBS Boston reported. Northwestern University announced Monday it had reached an agreement with students who had set up an encampment in Deering Meadow on the Evanston campus late last week, CBS Chicagoreported. Those students, like their counterparts across the U.S., are demanding the school divest from companies that support Israel. Under the agreement, the protests will be allowed to continue through the end of spring classes on June 1, but only an aid tent will be allowed to remain up. Only students, faculty and staff will be allowed in the encampment area, CBS Chicago reported. On the issue of divestment, the university said it will provide ""a conduit to engagement with the Investment Committee of the Board of Trustees"" by ""reestablishing an Advisory Committee on Investment Responsibility"" in the fall, CBS Chicago reported. A dozen people, including nine students, were arrested Saturday after a protest at the University of Mary Washington in Fredericksburg, Virginia, according to a statement from the university's president. Attendees were told Friday that they could stay if they followed university policies and additional safety guidelines were communicated to organizers, according to the statement. The encampment was prohibited and tents were not permitted. Tents were taken down Friday night, and the protest continued into Saturday, when they were put back up. On Saturday evening, attendees were told to leave, according to the president's statement. After some time, 12 people remaining in Jefferson Square were arrested for trespassing. The University of Southern California said Saturday it had temporarily closed its University Park Campus to nonresidents, without providing details of the closure or possible enforcement measures. Joel Curran, senior vice president of communications, said in a statement that USC property was vandalized by members of a group ""that has continued to illegally camp on our campus,"" as well as disrupting operations and harassing students and others. Students declined attempts by university President Carol Folt to meet, and the administration hopes for ""a more reasonable response Sunday before we are forced to take further action,"" Curran said. The university canceled its main stage graduation ceremony, set for May 10. It already canceled a commencement speech by the school's pro-Palestinian valedictorian, citing safety concerns. The Los Angeles Police Department said more than 90 people were arrested Wednesday during a protest at the university. After several days of peaceful demonstrations,protesters shouted and shoved each other during dueling demonstrations Sunday at the University of California, Los Angeles. Police set up barricades before hundreds of people on both sides joined a growing crowd at UCLA's Dickson Court, near where pro-Palestinian students have been staying round-the-clock in tents. Counter-protesters who organized a ""Stand in Support of Jewish Students"" rally said their goal was to ""stand up against hatred and antisemitism."" Protests at UCLA continued on Monday, with about 100 students and faculty participating in a walkout at noon local time, CBS Los Angelesreported. Some of the signs held by demonstrators read ""Faculty for Justice for Palestine,"" ""UCLA Faculty and Staff, We Stand With Our Students"" and ""Walk out for Gaza,"" the station reported. About 50 students at George Washington University in Washington, D.C., set up a tent encampment on the school's University Yard on Thursday. A group of students and professors staged their own protest walkout and marched to campus to join them. The protesters are demanding that the university divest from Israel and lift a suspension against a prominent pro-Palestinian student group. Early Monday, protesters at an encampment near the university breached and dismantled the barriers used to secure University Yard, the university said in a statement. The university's last day of classes before final exams was set for Monday, and commencement is scheduled for May 19. Because of the noise generated by the protests, the university said it would move law school finals to another building from the one where they had originally been scheduled. A protest at Virginia Tech in Blacksburg resulted in an unknown number of arrests, a university spokesperson said Monday. Protesters began occupying the lawn of the graduate life center Friday, the university said in a statement. The gathering violated university policy, the university said, but was a ""safe and peaceful environment"" over much of the weekend. After protesters took further steps to occupy the lawn and outdoor spaces next to a nearby student center Sunday, the university said the situation ""had the increasing potential to become unsafe"" and advised those gathered to disperse. Those who failed to comply were warned they would be charged with trespassing, the university said. University officials extended the closure of the campus until May 10 — the end of the semester — saying instruction would continue to be remote, after protesters at the university in Northern California used furniture, tents, chains and zip ties to block entrances to an academic and administrative building April 22. Commencement is scheduled for May 11. In a statement Sunday night, the university urged people occupying the buildings and camping near them to ""leave the campus peacefully now"" and said it ""continues to talk to anyone willing to have productive and respectful dialogue."" More than 20 people were detained and released shortly after an encampment sprang up Monday at Case Western Reserve University in Cleveland. The protesters had set up tents on the public green and erected a small sign that read, ""Welcome to the People's University for Palestine"" as they called on the school's administration to divest from Israel. Police soon moved in and dismantled the tents. Those detained at the protest were released a short time later, and it wasn't clear if they would face any charges or disciplinary action. Protesters at Yale set up a new encampment with dozens of tents Sunday afternoon, nearly a week after police arrested nearly 50 and cleared a similar camp nearby. They were notified by a Yale official that they could face discipline, including suspension, and possible arrest, protesters and school officials said. No deadline to leave was set. Yale said in a statement Monday that it supports peaceful protests and freedom of speech but does not tolerate policy violations. School officials said the protest is near residential colleges where students are studying for final exams, and permission must be granted for groups to hold events and put up structures on campus. Dozens of people idled at an encampment protest at the University of North Carolina at Chapel Hill on Monday. Students and other community members sat on blankets chatting while another small group sat around a woman dancing with a keffiyeh, a traditional Arab headscarf. The tents were set up Sunday after a march urging the university to divest from Israel. Students at the University of Washington in Seattle set up an encampment Monday morning in front of Miller Hall. About six tents were visible on the grassy area despite a sign that said ""no camping allowed"" in large letters. The few dozen protesters pinned banners to their tents in support of Gaza under a light drizzle. They are demanding the university cut ties with Boeing, which was founded in Seattle and makes products used by the Israel Defense Forces, and cut ties with study abroad programs that operate in Israel. There was no sign of police activity. Police arrested protesters on Monday who tried to set up an encampment at the University of Georgia in Athens. A spokesperson wouldn't say how many people were arrested on the final day of classes before spring exams at the university northeast of Atlanta. Athens-Clarke County jail records showed 12 people had been booked into the jail by mid-afternoon by University of Georgia police on criminal trespassing charges. State troopers aided university police. The Red and Black student newspaper reported 16 people were detained at the site. University President Jere Morehead said in a statement that students were given the chance to make a reservation for a designated protest area and that university police ""were left with no choice but to arrest those who refused to comply."" He said any students, faculty or employees who were arrested could face university discipline in addition to criminal penalties. After 28 people were apprehended last week at the private Emory University in Atlanta, university President Gregory Fenves on Monday apologized for officials initially claiming that the protesters were from outside the university. Officials determined 22 were Emory students or employees. Fenves said he was ordering a review of when the university should turn to outside police agencies after photos and videos showed people being tackled to the ground and shocked with electric stun guns. Students at VCU on Monday established what they called a ""Liberated Zone for Gaza"" on the Richmond, Virginia, campus. After several hours, police in riot gear arrived and began arresting demonstrators. Video posted to social media showed police appearing to use chemical spray to clear the crowd as a campus emergency siren sounds. ""Final exams begin this week and VCU must provide students the opportunity to safely and successfully complete the semester,"" the school said in a statement. ""The gathering violated several university policies."" VCU said it ""respectfully and repeatedly"" asked protestors to leave. ""Those who did not leave were subject to arrest for trespassing,"" it said. © 2024 CBS Interactive Inc. All Rights Reserved. This material may not be published, broadcast, rewritten, or redistributed. The Associated Press contributed to this report. Copyright ©2026 CBS Interactive Inc. All rights reserved.",https://www.cbsnews.com/news/college-campus-protests-gaza-israel/
2024-04-30,CBS News,"Updated on:  May 1, 2024 / 9:21 AM EDT/ CBS/AP Ohio State University joined thegrowing listof college protests againstIsrael's war against Hamas in Gaza. Clashes between protesters and police on the campus overnight resulted in over a dozen arrests. Those who refused to leave after warnings were arrested and charged with criminal trespass, said university spokesperson Benjamin Johnson, citing rules barring overnight events. He said a preliminary report indicated there were 36 arrests, including 16 students and 20 people unaffiliated with the university. As thedeath toll mountsin the war in Gaza and the humanitarian crisis worsens, protesters at universities across the country are demanding schoolscut financial tiesto Israel and divest from companies they say are enabling the conflict. Some Jewish students say theprotestshave veered intoantisemitismand made them afraid to set foot on campus, partly prompting the calls for police intervention. Saar Noy Zylberman, a Jewish student at Columbia University in New York City  who grew up in Israel, told CBS News correspondent Nancy Chen on Thursday that many students knew people at the music festival that was targeted in Hamas' deadly terror attack last year. ""And adding to that the situation where people scream hateful speech who have harassed and attacked both verbally and physically people, it's just making it impossible to be here,"" Zylberman   told Chen. On Friday, one of the Columbia student protesters walked back comments he'd made in an online video in January that recently received new attention. Khymani James said in the video that ""Zionists don't deserve to live"" and people should be grateful he wasn't killing them. In astatement, he said he regretted his earlier comments. ""What I said was wrong,"" he said. ""Every member of our community deserves to feel safe without qualification."" Protest organizerssaidthe comments didn't reflect their values. They declined to describe James' level of involvement with the protest. New York City Mayor Eric Adams said police officers were hit with bottles and other objects at some of this week's protests. He blamed outside agitators for joining in with genuine protesters. Officials at Emory University in Atlanta and the University of Texas at Austin have said that not everyone at their schools' protests were students and that outside groups initiated or joined the demonstrations. At Emory, local and state police swept in to dismantle an encampment Thursday. Some officers carried semiautomatic weapons, and video shows officers appearing to use a stun gun on one protester they had pinned to the ground. The university said late Thursday that objects were thrown at officers and they deployed ""chemical irritants"" as a crowd control measure. Emory President Gregory Fenves said in an email Friday that some of the videos of a clash between police and people on the campus ""are shocking"" and that he is ""horrified that members of our community had to experience and witness such interactions."" Fenves blamed the unrest at the Atlanta campus on ""highly organized, outside protesters"" who he said arrived in vans, put up tents and overtook the quad. But in an earlier statement, school officials had said that 20 of the 28 people arrested were members of the university community. Video circulated widely on social media shows two women who identified themselves as professors being detained, with one of them slammed to the ground by an officer as a second officer pushes her chest and face onto a concrete sidewalk. In Texas, the UT-Austin campus was much calmer Thursday after 57 peoplewere jailedand charged with criminal trespass a day earlier, when state troopers in riot gear and on horseback bulldozed into protesters. Both police and protesters have at times crossed a line, said Greg Lukianoff, the president of the Foundation for Individual Rights and Expression. ""You don't have a generalized First Amendment right to, you know, turn the public area of a campus into a camping ground,"" Lukianoff told CBS News. ""But definitely we've seen at places like Emory and places like UT Austin, police taking things much, much too far."" At UT-Austin, officials have since pulled back barricades and allowed demonstrators onto the main square beneath the school's iconic clock tower. The Travis County Attorney's Office, which prosecutes misdemeanor crimes, dropped all 57 criminal trespass  cases stemming from Wednesday's protests after finding they lacked sufficient probable cause to proceed, a spokesperson said in a statement Friday. Most detained demonstrators have not been charged with violent offenses, but there have been several instances of threatening and abusive behavior. After a tent encampment popped up Thursday at Indiana University Bloomington, police with shields and batons shoved into protesters and arrested 33. Hours later at the University of Connecticut, police tore down tents and arrested one person. The clock is ticking as May commencement ceremonies near, putting added pressure on schools to clear demonstrations. At Columbia, protesters defiantly erected a tent encampment where many are set to graduate in front of families in just a few weeks. Students said Friday afternoon that they had reached an impasse with administrators and intended to continue their encampment until their demands are met. Columbia officials had earlier said that negotiations were showing progress. The school's self-imposed early Fridaydeadlineto reach an agreement on dismantling the encampment came and went. Despite dozens of journalists on campus and scores of police officers outside the gates, an unassuming spring day unfolded Friday with students sitting on the library's steps or grabbing a quick bite while soon-to-be-graduates posed for photos in their powder-blue gowns. ""We have our demands; they have theirs,"" said Ben Chang, a spokesperson for Columbia University, adding that if the talks fail the university will have to consider other options. Student negotiators representing the Columbia encampment said that aftermeeting with administratorsfor 11 hours Thursday and another hour Friday, the university had not met their primary demand for divestment, although they had made progress on a push for more transparent financial disclosures. ""We will not rest until Columbia divests,"" said Jonathan Ben-Menachem, a fourth-year doctoral student. Meanwhile, Columbia's president, Minouche Shafik, faced a significant — but largely symbolic — rebuke from faculty Friday but retains the support of trustees, who have the power to hire or fire the president. A report by the university senate's executive committee, which represents faculty, found Shafik and her administration had ""taken many actions and decisions that have harmed Columbia University."" Those included calling in the police and allowing students to be arrested without consulting faculty, failing to defend the institution in the face of external pressures, misrepresenting and suspending student protest groups, and hiring private investigators. Just past midnight, a group of some three dozen pro-Palestinian protesters handed out signs and started chanting outside of the locked Columbia University gates. They then marched away as at least 40 police officers assembled nearby. On Friday morning, hundreds of counterprotesters gathered on the streets outside Columbia, many holding Israeli flags and chanting for the hostages being held by Hamas and other militants to be released. California State Polytechnic University, Humboldt, has been negotiating with students who have been barricaded inside a campus building since Monday, rebuffing an attempt by the police to clear them out. Faculty members met with protesters Thursday to try to negotiate a solution. However,the school announced Fridaythat all classes and school business would be conducted remotely through the end of the semester, which runs through May 10. A dean at the school, Jeff Crane, suggested during the meeting that the university form a committee that would include students to do a deep dive into the school's investments. Crane also suggested faculty and students continue meeting every 24 hours to keep an open line of communication. The sides have yet to announce an agreement. The school's senate of faculty and staff demanded the university's president resign in a vote of no confidence Thursday, citing the decision to call police in to remove some barricaded students Monday. On the other end of the state, the University of Southern Californiacanceledthe school's May 10 graduation ceremony. The announcement was made a day after more than 90 protesters were arrested on campus. The university said it will still host dozens of commencement events, including all the traditional individual school commencement ceremonies. Tensions were already high after USCcanceleda planned commencement speech by the school'spro-Palestinian valedictorian, citing safety concerns. At the City College of New York on Thursday, hundreds of students who were gathered on the lawn beneath the Harlem campus' famed gothic buildings erupted in cheers after a small contingent of police officers retreated from the scene. In one corner of the quad, a ""security training"" was held among students. Elsewhere in the city, around a dozen protesters spent the night in tents and sleeping bags inside a building at the Fashion Institute of Technology. The institute's museum, which is located in the building where the demonstrators set up camp, was closed Friday. Protesters also stayed overnight at the encampment at George Washington University. The university said in a statement Friday morning that those who remain are trespassing on private property and officials will pursue disciplinary actions against students involved in the unauthorized demonstrations. AtEmerson Collegein Boston, 108 people were arrested at an encampment by early Thursday. Video shows police first warning students in an alleyway to leave. Students linked arms to resist officers, who moved forcefully through the crowd and threw some protesters to the ground. ""As the night progressed, it got tenser and tenser. There were just more cops on all sides. It felt like we were being slowly pushed in and crushed,"" said Ocean Muir, a sophomore. Muir said police lifted her by her arms and legs and carried her away. Along with other students, Muir was charged Thursday with trespassing and disorderly conduct. Boston police said four officers suffered injuries that were not life-threatening during the confrontation. Since the Israel-Hamas war began, the U.S. Education Department has launched civil rights investigations into dozens of universities and schools in response to complaints of antisemitism or Islamophobia. Among those under investigation are many colleges facing protests, including Harvard and Columbia. © 2024 CBS Interactive Inc. All Rights Reserved. This material may not be published, broadcast, rewritten, or redistributed. The Associated Press contributed to this report. Copyright ©2026 CBS Interactive Inc. All rights reserved.",https://www.cbsnews.com/news/university-protests-college-campus-israel-hamas-war-police/
2024-04-30,CBS News,"Updated on:  October 7, 2024 / 10:28 PM CDT/ CBS Chicago CHICAGO (CBS)-- While many stopped on Monday to markone year since the deadly Hamas attack on Israel, student activists wanted to focus attention on the war in Gaza, which started soon after the attack. As student groups demonstrated on the campus of schools like DePaul University last year, some students walked out of their classes this year. Hundreds of students participated in Monday demonstrations on multiple Chicago colleges. Security wouldn't let CBS News Chicago on the property, so CBS News Chicago cameras caught a view from over the fence. Henna Ayesh, a DePaul student and lead organizer, said she's been involved in protests and demonstrations. Her connection to the issue is personal. ""My village has been completely flattened, destroyed,"" she said. ""My family has been forced to flee with nothing but the clothes on their back."" At the University of Illinois Chicago, students also walked out of class. ""My family is not in Gaza, but they've been really affected by what's going on,"" said Jenin Alharitihi, a former UIC student. ""They barely have any resources to even live anymore."" Alharitihi added, ""I think we are really, really sick and tired of calling for the same things, calling for the same actions here every single day."" Some faculty and community members joined the students in the demonstration at UIC that was registered and approved by the university. ""If the most I can do for this cause is show up here and just voice my support, then that's what I'm going to do,"" said Jeremiah Munog, a UIC student. Gaza health officials say more than 42,000 Palestinians have been killed in the past year. More than 1,200 people have been killed in Israel, most in the Oct. 7 attack by Hamas. ""We don't agree with any death that happened that day,"" Ayesh said. ""There's no justification for any of it."" In a statement, a UIC spokesperson said, ""The planned event is sponsored by a registered student organization and being held through an Open Expression Request, which was submitted by the organizers. As a public institution, UIC continuously strives to balance safeguarding constitutionally protected free speech rights with creating a positive and supportive campus for all members of the university community. The ability to voice diverse opinions, especially on complex and multifaceted issues, is fundamental to our democratic ideals and our institution's academic mission. The open exchange of opposing ideas and appreciation of different perspectives also requires an environment of mutual respect, which the university intends to maintain. UIC will continue to uphold our values of inclusivity, tolerance and respect for one another to ensure all can live, learn and work together in a safe and welcoming environment."" Another demonstration took place on Saint Xavier University's campus. A spokesperson said, ""There is a peaceful demonstration happening on campus today hosted by Students for Justice in Palestine. It is a closed event open only to students and faculty/staff. It is not a walk out, but rather a teach-in, which will educate the community on the concept of occupation and mark the one-year anniversary of the start of the war in Palestine. Students will read poetry from revolutionaries and grieve together the lives lost and the heartbreak faced for the past year. Our Public Safety Department remains close by at any event, but because this is a peaceful gathering, we do not anticipate the need for enhanced security measures."" ""The students really see Palestine as not just a cause for themselves, but it's a cause for the world,"" said Alharitihi. A spokesperson for DePaul never responded to a request for comment. Vigils were also held Monday evening for the lives lost in Gaza. Under the tracks of the Red Line at the Wilson stop in Uptown, people stood in solidarity. ""We've only seen the bombs continue to drop. We've seen that Israel has no shame and no boundaries,"" said Alithia Zamantakis, a member of the Party for Socialism and Liberation. ""Seeing all of these people here tonight shows me that the fight has not ended; that people are not ready to give up."" At dusk, a vigil was held in Logan Square, where flames were lit to represent the lives lost. ""My heart is hurting for all the violence in the world,"" said Em Jacoby. Jacoby attended the Logan Square vigil with her children to teach them what it means to love and be human. ""They have a dear friend that grew up in Israel, and they just celebrated Rosh Hashanah with him the other night,"" Jacoby said. Her children were not the only kids in attendance. ""I'm Palestinian and Mexican, so I honor Palestine a lot, and I wear a lot of traditional things to school,"" said Zahra Hani, 10, ""and in school I also take Arabic."" Zahra attended the vigil with her mother, and said she was disappointed. ""Because it's already been a year,"" she said. ""I thought it would be done in a month."" A year later, emotions are still overflowing, and voices are still being raised. But there is hope the war will end one day. ""When I feel despair, coming to a gathering like this is what gives me hope,"" Jacoby said, ""because we can only move together as community."" © 2024 CBS Broadcasting Inc. All Rights Reserved. ©2026 CBS Broadcasting Inc. All Rights Reserved.",https://www.cbsnews.com/chicago/news/oct-7-chicago-college-protest/
2024-04-30,CBS News,"Updated on:  August 23, 2024 / 11:40 PM EDT/ CBS Miami MIAMI—   A University of Miami professor is apologizing for violating university policy after pictures of her wearing a pro-Palestinian sash in the classroom have gone viral. Inpicturesshared on social media, Rachida Primov, a senior lecturer in the UM College of Arts and Sciences, is seen wearing a sash reading ""Palestine"" and colored like the Palestinian flag. In a statement shared on X, UM said that Primov ""inadvertently came at odds with University policies prohibiting political advocacy in the classroom."" The statement continues, saying ""the issue was addressed swiftly"" by UM senior leadership and that the professor had shared her own apology. ""I am truly sorry to those who were offended by my wearing of a sash in the class with the word Palestine on it,"" Primov said. ""I am not an antisemite, and the purpose of me wearing this sash was to show compassion and support for all civilian victims of this terrible war —   both Palestinian and Israeli."" Primov, a professor who has taught at UM for 30 years, continued, saying she loves all UM students and community members and ""would never intentionally do anything to disrupt or harm our learning environment or make any student uncomfortable."" UM continued, saying that the Faculty Senate, university administration and board members reassured the community in an earlier joint statement that it has ""high expectations of every member of our community to treat all others with dignity and abide by the standards and policies that enable us to achieve our mission."" The university also shared that it is ""committed to free expression, academic excellence, and intellectual inquiry, which rely on the civil, respectful exchange of ideas."" Tensions have risen over the last 10 months across the U.S. and the world since theHamas-led attack on Israelon Oct. 7, 2023. Astalks of sought-after ceasefire and hostage release agreementscontinue in the Middle East, the conflict has entered theacademic space, especially in schools and colleges across Florida. In the days following the attack in South Florida, a peaceful protest in support of Palestinians atFlorida International Universityquickly escalated and emotions flared, leading to a number of demonstrators getting arrested. © 2024 CBS Broadcasting Inc. All Rights Reserved. ©2026 CBS Broadcasting Inc. All Rights Reserved.",https://www.cbsnews.com/miami/news/university-of-miami-professor-apologizes-for-violating-university-policy-after-seen-wearing-palestine-sash/
2024-04-30,CBS News,"Updated on:  October 8, 2024 / 6:21 AM CDT/ CBS Texas DALLAS —It was the middle of the night on October 7, 2023, and LeElle Slifer of Dallas said she couldn't sleep. ""I opened my phone, and I saw on social media all these pictures of Israel and terrorists jumping out of trucks,"" said Slifer. ""And it just felt very different."" She and her family soon realized her relatives half a world away in Israel had become victims of theworst attack on the Jewish people since the Holocaust. Hamas terrorists killed 1,200 people and took 251 hostages, including some Americans. ""Israel did not start this war, Hamas did,"" Slifer said. ""This cannot be an acceptable act of war to steal innocent civilians from their beds and keep them hostage until your demands are met."" Slifer said her mother's family has lived in Israel and that land for more than 2,000 years. On October 7, Hamas attacked Kibbutz Be'eri, where Slifer's cousins Eshel and Kinneret Gat lived. Their adult children Carmel and Alon, along with Alon's wife Yarden and their three-year-old daughter Geffen were visiting. Slifer said the terrorists took Alon, Yarden, and Geffen Gat and put them onto a truck, tied their hands, and started driving them into Gaza. ""Luckily at one point, the car stopped,"" Slifer said. ""They encountered an Israeli tank, and the terrorists got out to investigate. Alon and Yarden looked at each other and they said, 'We have to run.' So, they grabbed Geffen, and they ran out of the car. The terrorists were shooting at them, running behind them. Yarden said, 'I can't hold her.' She passed her daughter onto Alon and said, 'Take her to safety.'  He hid with his daughter in a ditch for 12 hours and, thank God, they made it back to the kibbutz the next morning alive and safe. They went back to find Yarden and they couldn't."" Slifer said they learned soon after Yarden Gat had been taken captive in Gaza and was held hostage there. ""Thank God she was released in November with the wave of hostages,""  said Slifer. But that was not the case with Carmel and Kinneret Gat. Slifer said Carmel Gat was also taken hostage. Her mother Kinneret was killed. ""Carmel was taken by her body lying lifeless on the street because the terrorists shot her in her own kibbutz right there. She wasn't even wearing shoes."" As for Carmel Gat, Slifer said that they had heard reports she had been alive during the past year. But early last month, the news had suddenly changed. ""I remember it was a Friday, it was Shabbat, and I heard reports that they had found six bodies,"" Slifer said. ""The IDF found six bodies of hostages in Gaza."" ""Every time you hear reports coming out of Gaza, you think, 'gosh, please, please let it be good news. Please let it be good news,'"" said Slifer. ""And then, unfortunately, we heard the next day that they found Carmel's body. The terrorists had shot her in a tunnel in Rafah underneath a children's bedroom. I had such hope this entire time. I was so sure that Carmel would come back. I just didn't want to believe it was true that she'd been killed like that. Murdered, executed. They would rather kill Israelis than allow them to be rescued."" Dr. Rafael Medoff, a Jewish historian who has written extensively about the Holocaust and who recently visited Dallas, is now working on a new book to be released next year, ""The Road to October 7th."" He said the attacks were a horror that was long in the making. ""It's been a terrifying year for American Jews,"" said Medoff. ""First, to watch the images from the Middle East to see the aftermath of the Israeli towns burned, burned to the ground, the victims, the hundreds and hundreds of Israelis who were slaughtered, the victims of the Hamas gang rapes, and of course, the torment of the hostages, the hundreds of innocent Israelis and others who were kidnapped by Hamas and taken to Gaza. Then, the shocking turn of events to see the large numbers of extremists on our college campuses and sometimes in our streets, marching in support of Hamas and denouncing American Jews for daring to sympathize with the Jewish state. This is something that was totally unexpected for most American Jews."" Medoff said the events proved to be more than unnerving for some in the Jewish community. ""For the first time in many years, a significant number of American Jews are beginning to feel as if it's not safe, even here,"" said Medoff. ""That's a new and frightening sentiment. America has always been different."" Slifer said she has experienced the hatred toward Jews first-hand. After going public about her cousin being killed days before being rescued, she received an email. It's titled 'Zionist pig' and reads, ""It's too bad you and the rest of your narcissistic chosen people can't get their head out of their ass to acknowledge over 50 years of illegal occupation stealing land and setting up a fully apartheid state. I'm glad your cousin is dead, and I wish you the same. From the river to the sea. P.S. (expletive), eat poison."" ""My first reaction was I actually laughed,"" she said. ""I thought, 'silly little person, you think that you can impact me with an email like that. I'm going to speak out more because of this email.' It is such anger against a person that they don't even know, to wish death upon me for simply existing. What's more amazing is they don't even know anything about me or my family or the fact that my family has been in Israel for as long as it has, or the fact that my family who was killed was some of the most peace-loving, supportive of the two-state solution people you would ever find."" Slifer believes the rising antisemitism should be condemned, not accepted. ""Unfortunately, I think it's one of the few isms that is tolerated today,"" said Slifer. ""Racism, completely unacceptable. Homophobia, completely unacceptable. But you say you're anti-Zionist, that's completely allowed. But anti-Zionism is simply code for antisemitism."" Amid all the personal angst, Slifer worries the remaining hostages in Gaza are being forgotten. ""There's 100 hostages in Gaza right now,"" she said. ""There are children, the two boys, they're being held hostage. There are Americans still being held hostage in Gaza. Where is the uproar? Where is the whole world coming down on Gaza to say, 'Release the hostages'? I want to scream at everyone and shake everyone because every day I wake up and I think about the hostages, and I think about my family. We have to do something to get these people back. I can't believe that we're not doing more."" She feels compelled to speak out and be a voice for the hostages and the lives taken on and after the October 7 attacks. ""I'm not going to be quiet,"" Slifer said. ""I am going to talk to every single person on this earth about the hostages in Israel. I'm going to stand up for Israel and the Jewish people until my last breath."" © 2024 CBS Broadcasting Inc. All Rights Reserved. ©2026 CBS Broadcasting Inc. All Rights Reserved.",https://www.cbsnews.com/texas/news/dallas-woman-two-israeli-cousins-killed-hamas-ongoing-anguish/
2024-04-30,CBS News,"August 12, 2024 / 5:25 PM CDT/ CBS Chicago CHICAGO (CBS)-- More than three months after student-led protests caused a big disruption at the University of Chicago, the school is dropping disciplinary cases against several students. An encampment was set up on the Main Quad at UChicago in the spring—in one of dozens of protests at college campuses over the country that condemned the War on Gaza, took up thepro-Palestiniancause, and demanded a cease-fire. The protest lasted eight days untilUniversity of Chicago Police officers in riot geardisbanded theencampments. The school thenrefused to give degreesto several students who were involved—but let them take part in graduation. ""My life kind of froze over the past few months, which was really hard,"" said former U of C student Youssef Hasweh, ""and withholding my degree had severe consequences."" Hasweh felt both redemption and relief upon finally receiving his degree from the University of Chicago. He was among five seniors who learned just before graduation that their degrees were being withheld pending school disciplinary cases that were opened—investigating their roles in the pro-Palestinian encampments that were first erected on campus on April 29. According to Hasweh, the graduating students—along with six other students who received formal complaints tied to the protests—were in the dark as to why they were filed in the first place when no evidence or specific details were provided. ""There wasn't a single complaint filed against the 11 of us that included any of our individual names,"" Hasweh said. ""I had to go through this process have my degree withheld, and I reviewed the complaints, and my name wasn't in a single complaint."" Despite initially being denied degrees, the students were allowed to participate in a commencement ceremony that was marred with walkouts—and eventually led to some students getting pepper-sprayed by campus police. Since then, all 11 cases have been dismissed, with the university now being accused by the student coalition group University of Chicago United for Palestine of committing multiple procedural violations—including surveilling a graduate student off campus. ""It's so insane to think that a case can be dismissed, and you still don't know what you did wrong,"" Hasweh said. In a statement to CBS News Chicago, while not addressing the claims, a spokesperson for the University of Chicago outlined the university's faculty-led disciplinary system for disruptive conduct—where all complaints are vetted and assessed. The spokesperson explained that the on-campus protests prompted ""multiple formal complaints alleging that students violated University policies. In keeping with federal privacy laws, we do not release information about individual student disciplinary matters."" As for Hasweh, he said even though he is no longer a student at the U of C, he plans still to be affiliated with the ongoing fight against the War in Gaza. Many students here expected to take part in protests happening next week at the Democratic National Convention in Chicago. © 2024 CBS Broadcasting Inc. All Rights Reserved. ©2026 CBS Broadcasting Inc. All Rights Reserved.",https://www.cbsnews.com/chicago/news/students-relieved-uchicago-drops-disciplinary-cases-protest/
2024-04-30,CBS News,"Updated on:  May 6, 2025 / 8:49 AM EDT/ CBS News A Columbia student activist and green card holder who was detained when he went for a citizenship interview last month said President Trump ""will not silence me,"" in an interview with CBS News from Vermont on Monday. Mohsen Mahdawi's comments marked his first network interview sincea judge ordered his release last week— a move Mahdawi called a ""light of hope"" to other student activists who have been detained, like Columbia's Mahmoud Khalil and Tufts University's Rumeysa Ozturk. Shortly after Mahdawi's release, headdressed a group of supporters, saying of Mr. Trump and his Cabinet, ""I am not afraid of you."" Mahdawi told CBS News he addressed Mr. Trump directly because ""there is this philosophy of intimidation, of punitive justice … so I wanted to share to them that you can do whatever you want. You will not silence me."" ""I am a peacemaker. And when they arrested me, that is a red flag to everybody,"" Mahdawi said. Mahdawi was in custody for about two weeks. He told CBS News he arrived for his citizenship appointment in Vermont in mid-April, took a citizenship test and signed a document that said he is willing to pledge allegiance to the Constitution. Toward the end of that process, he said immigration agents entered the office anddetained him. Mahdawi said he does not know why they waited, instead of taking him into custody as soon as he arrived. ""What I know is this is a betrayal to the Constitution of this country and to the process,"" Mahdawi said. ""I've done everything the right way. I've gone through the process. … I've applied the right way. I showed up for my interview. I shared and answered all of the questions honestly. And I said I am willing to defend and protect the Constitution of this country."" Mahdawi, who helped lead Columbia's protests against the Israel-Hamas war starting in 2023, was detained under a rarely used law allowing the government to revoke visas for people the Secretary of State believes could pose ""adverse foreign policy consequences."" Mahdawi said he found the Trump administration's rationale for detaining him ""laughable."" ""A person who has been vocally advocating for justice and peace is undermining U.S. policy?"" he said to CBS News on Monday. Mahdawi is one of several student activists to face detention. Fellow Columbia activist Mahmoud Khalil and Tufts student Rumeysa Ozturk, who co-wrote a pro-Palestinian op-ed in the campus newspaper, were detained in March underthe same legal groundsalleging the risk of ""adverse foreign policy consequences."" Both students are separately suing for their release. A letter calling for Mahdawi's deportation and signed by Secretary of State Marco Rubio reads, ""Mahdawi has been identified at those protests as having engaged in threatening rhetoric and intimidation of pro-Israeli bystanders."" But in a video from November 2023 obtained by CBS News, Mahdawi is seen leading a crowd chanting ""shame on you"" to denounce a protester who made an antisemitic comment. He also told CBS News in an interview last month, ""We made it very clear that our movement is about justice, and antisemitism has no place in our movement."" The Trump administration has defended the practice of taking away visas. In a statement last month, Homeland Security Assistant Secretary Tricia McLaughlin saidgreen cards and visasare a ""privilege."" ""When you advocate for violence, glorify and support terrorists that relish the killing of Americans, and harass Jews, that privilege should be revoked, and you should not be in this country,"" McLaughlin added. Mahdawi has denied allegations of antisemitism and has said he took a step back from the protests before demonstrators formed encampments on Columbia's campus and occupied a school building, drawing nationwide attention and criticism. Hesued in federal courtfor his release hours after his detention, with his lawyers arguing the move violated his First Amendment rights. U.S. District Judge Geoffrey Crawford ordered hisrelease from federal custody last Wednesday, writing that Mahdawi had ""made substantial claims that his detention is the result of retaliation for protected speech."" The case is still open as Crawford reviews Mahdawi's petition for habeas corpus. An appeals court will review Mahdawi and Ozturk's cases Tuesday. Mahdawi said after he left custody, he ""was reassured in my heart of the belief that justice will prevail … and the justice system is functioning."" He also says he plans on continuing to protest. ""I wasn't afraid when they detained me. I was not afraid when I got out of detention. And I'm not afraid to share my voice,"" he said. © 2025 CBS Interactive Inc. All Rights Reserved. Copyright ©2026 CBS Interactive Inc. All rights reserved.",https://www.cbsnews.com/news/columbia-mohsen-mahdawi-trump-administration-you-will-not-silence-me/
2024-04-30,CBS News,"Updated on:  May 18, 2026 / 6:01 PM CDT/ CBS Chicago Aclass action lawsuitnaming six people accuses the online groups Canary Mission and StopAntisemitism of systematic doxing and harassment. The lawsuit, filed by the Chicago chapter of the Council on American-Islamic Relations (CAIR-Chicago) on March 16, alleges the groups engaged in a ""coordinated doxxing campaign designed to chill free speech rights, endanger safety, and inhibit educational, professional, and social opportunities."" The plaintiffs are all from Illinois and are of Arab, South-Asian, Muslim, and Jewish backgrounds. Among them are Dr. Sam Sheikali and Dr. Chandra Hassan, emergency physicians who have volunteered in Gaza and Lebanon, and a Loyola University professor who advises the campus chapter of Students for Justice in Palestine. According to the lawsuit, the plaintiffs were targeted for ""engaging in constitutionally protected political speech opposing Israel's war crimes, mass civilian harm, and U.S. foreign policy regarding complicity in the genocide of Palestinians."" The lawsuit details how the plaintiffs' jobs were threatened or they were fired, their speech was suppressed, and their safety was jeopardized. The lawsuit targets two distinct groups, both of which publish people's personally identifiable information, whom they label ""antisemitic"" or ""anti-Israel."" StopAntisemitism, founded by Liora Rez, posts what it calls ""name-and-shame"" profiles on social media with a call to action to contact people's employers. Rez claims a ""remarkable success rate,"" writing that StopAntisemitism has ""profiled more than 1,000 people"" and that ""over 400 of them have been fired."" Canary Mission is an anonymous site that uploads and maintains thousands of ""profiles,"" primarily of college students and professors. Its websitesaysit obtains information from publicly available sources and from materials submitted privately through its website. CAIR-Chicago said these groups largely target Muslim, Arab, and Palestinian students and young professionals. Rez says StopAntisemitism does not dox its targets. The lawsuit uses Illinois'civil liability law, which went into effect in 2024, allowing people who believe they are victims of doxing to sue for damages and appropriate relief, such as a restraining order. Illinois is one of the only three states, alongside Alabama and California, that have created their own definition of doxing and established it as a standalone crime. Under that law, doxing is defined as the ""intentional publication of another person's personally identifiable information without their consent."" It is illegal in Illinois when ""done with the intent to cause harm or harassment and knowledge or reckless disregard that the person will likely suffer serious injury, stalking, economic injury, emotional distress, or a substantial life disruption."" Noah Halpern, a lawyer with CAIR-Chicago, said the evidence is clear. ""One of the things we talk about a lot in the complaint, and how we think about doxing versus free speech, is the intent to harm and harass. [The plaintiffs] very literally have been harassed. It also speaks to how these organizations operate; they target the messenger, not the message,"" he said. ""This is not the space to argue whether or not what Israel is doing is genocidal."" Laura Goldstein, the only Jewish plaintiff, echoed that sentiment. ""I can talk at length about how deeply I feel connected to my Judaism and connected to my heritage, and that does not mean that I condone genocide,"" they said. ""It's not about having conversations. It's about shutting people down through intimidation and threats."" Sheikali faced direct threats to his reputation that nearly cost him his job and board certification. He spoke with CBS News Chicago before the lawsuit was filed. In March 2025, Sheikali's phone flooded with hateful messages. He was confused until his wife found the StopAntisemitism post targeting him. The post shared his name, photo, social media handle, and the hospital where he works, and ended with a call to action to email the hospital's media relations manager about his views on Gaza and criticism of Israel. StopAntisemitism called him a symptom of the latest epidemic in the medical field of ""cancerous antisemitism"" and provided the email to his workplace's media contact. ""They took a lot of my social media content out of context and added a lot of their own,"" Sheikali said. He said that being doxed brought about a ""complex mix of emotions."" ""I was angry that they could get away with their tactics to harm people's careers, and I was worried about my family's safety,"" he said. ""People were starting to reach out to my place of work, mass emailing and calling the HR department at the hospital system where I'm currently working."" Halpern said campaigns set up a TinyURL or shortened web address for people to send a copy of a pre-written email to workplaces. Sheikali said he received a call from a director at his workplace, OSF Healthcare, that he had been investigated and ultimately found in good standing. In a statement to CBS News Chicago, OSF Healthcare said, ""OSF HealthCare followed our internal protocols in reviewing the matter related to Dr. Sheikali. We have no further [comment] on the situation and would direct any additional inquiries to him personally."" Then, in May 2025, Sheikali received a letter from the American Board of Emergency Medicine (ABEM) that warned his certification could be revoked due to his social media posts, calling them ""extremely anti-Zionist"" and saying his posts ""seek to characterize Israel as unacceptably evil."" ""I've never seen a letter like that sent to anybody else from any of the different specialty boards. I was double-checking to see if this was even a legitimate letter,"" he said. ""It is bizarre for an organization like ABEM, the American Board, to have or place limitations on how somebody's going to speak on a foreign policy issue,"" Halpern said. ""It's now safer to protest against the President of the United States than to protest against the foreign state committing genocide,"" Sheikali said. In a series of written exchanges between May and October, Halpern walked ABEM through the details, citing 20 points to ""support Dr. Sheikali's political speech, provide further context and clarity as to why his posts are not racist or antisemitic, and to reaffirm Dr. Sheikali's commitment to ABEM's ethical and professional standards."" CBS News Chicago independently verified this letter. The CAIR letter also stated, ""We suspect that Dr. Sheikali's posts were first brought to ABEM's attention by a series of hyperbolic emails calling for Dr. Sheikali's certification to be rescinded."" ""They went for a certification, probably because they were upset that the hospital did its own investigation and didn't just listen to them,"" Halpern said. In a final letter, ABEM stated that it would ""not take further proceedings"" and that ""ABEM is not imposing specific restrictions on Dr. Sheikali's personal speech moving forward."" CBS News Chicago also reached out to ABEM for comment and received the following statement: ""ABEM does not comment on individual physicians or disclose communications regarding physicians."" Israel's war is personal to Sheikali; his own family members have been killed and displaced in Lebanon. He was so moved by the bombing campaigns in Palestine that he tried to volunteer in Gaza, but instead was given the opportunity to treat and teach emergency medicine in Lebanon. ""I finally had a chance to do something with my hands instead of my voice in the face of genocide, and if I didn't take that opportunity, it would haunt me for the rest of my life,"" he said. In 2024, Sheikali treated mass-casualty patients and taught local doctors how to use portable ultrasound devices on injured civilians. ""I firmly believe that I had a moral obligation to help."" His grandmother and over a dozen of his family members were displaced earlier that year from their home in Ansar, in southern Lebanon. Sheikali briefly reunited with his grandmother for the first time in 13 years. ""Usually, we would be picking fruit from her garden, but this time we rushed while drones flew overhead, missiles struck,"" he said, calling the short moment with her ""bittersweet."" He said his work in Lebanon further strengthened his stance to speak up online, which he said increased after he returned to the United States. ""Having lived the violence against civilians and a witness to war crimes, fueled my need to stand up against injustice,"" Sheikali said. Sheikali said he is used to receiving hate for his stance on Israel, Gaza, and Lebanon. He said other emergency physicians have spoken about him in a private Facebook Emergency Medicine group. ""Some of the most egregious things that I have seen being said were by other physicians,"" he said. In that group, someone called him a ""jihadist"" and asked him, ""Feeling the walls closing in on your career, sunshine? We are all laughing at you."" CBS News Chicago independently verified this post. According to its website, StopAntisemitism is ""dedicated to exposing groups and individuals that espouse incitement towards the Jewish people and State."" Rez said her ""organization does not 'dox' its targets – meaning it doesn't publish private or personal information used for malicious reasons."" In that samepost, she claimed that 400 people have been fired among the 1,000 the group has ""profiled"" through ""name-and-shame social media posts."" She said the group spends two to five hours ""archiving material"" before posting and has two thousand more people in its backlog. StopAntisemitism said they actively work with employers and that human resource departments have often ignored them until the public becomes involved. The group has faced multiple defamation lawsuits from those who were fired; only one has been elevated to federal court. StopAntisemitism also faced backlash fornominating YouTuber Ms. Rachelas a contender for ""Antisemite of the Year,"" calling her a ""mouthpiece for Hamas."" They cited the children's music educator's post, where she says ""blocking food and water to children is indefensible,"" and claim she ""[pushed] Hamas statistics while continuing to ignore Israeli suffering."" CAIR-Chicago's class action lawsuit will beone of the firstcases to test the Civil Doxing Case Act in court. ""The First Amendment generally protects speech, unless it falls in a narrow exception, like true threats of violence or intentional incitement of immediate violence,"" said Aaron Terr, Director of Public Advocacy at the Foundation for Individual Rights and Expression (FIRE). However, the lawsuit focuses on the action of doxing and harassment, Halpern said. ""It's what you do, it's not what you say. Doxing is prohibited in Illinois. People are allowed to say offensive things, but that speech can still be used as evidence of intent,"" he said. ""Publishing someone's personal information is separate conduct outside of speech. Calling them antisemitic or pro-terrorist shows intent to harm their reputation. When that's connected to doxing, then we have something actionable."" StopAntisemitism sent the following statement to CBS News Chicago in response to the lawsuit: ""The lawsuit announced by the Council on American-Islamic Relations (CAIR) is a blatant attempt to shield individuals from accountability for their own public antisemitic statements and conduct. The plaintiffs at the center of this case are not being targeted arbitrarily. They are being scrutinized because of their own documented, public social media activity, content that raises serious concerns about bias, extremism, and, in some cases, open hostility toward Jews.When individuals entrusted with positions in healthcare, education, or other public-facing professions openly promote or excuse bigotry, it raises legitimate questions about their ability to treat patients, students, and colleagues fairly."" Canary Mission compiles detailed dossiers on people it accuses of being anti-Israel, antisemitic, anti-American or pro-terrorism, primarily targeting pro-Palestinian students and activists. On itswebsite, Canary Mission describes its mission as ""documenting individuals and organizations that promote hatred of the USA, Israel, and Jews on North American college campuses and beyond."" Canary Mission also targets people who participate in BDS, or the Boycott, Divestment and Sanctions Movement. The BDS Movement says it ""works to end international support for Israel's oppression of Palestinians,"" which Canary Mission calls antisemitic. CAIR-Chicago first tried to sue Canary Mission in 2024. The plaintiff, a lawyer and a pro-Palestinian advocate, says she was doxed after a man ""falsely accused her of being antisemitic"" and ripping down Israeli hostage posters in a video, which led to a slew of people messaging her and her place of work, including death threats. A judge dismissed the case, citing jurisdictional issues after the plaintiffs could not prove where Canary Mission is located or ""what type of entity"" it is. The new lawsuit cites the state of Illinois and Cook County as the jurisdiction in part because the ""commission of tortious acts by Defendants occurred within"" them. Canary Mission did not respond to a request for comment. This lawsuit is not isolated. The plaintiffs are among the many people who have come to CAIR-Chicago seeking legal help after they believe they have become victims of a doxing campaign from organizations like StopAntisemitism and Canary Mission. The lawsuit claims there are over 300 Illinois residents who have been doxed. ""We've had clients who have had to buy security systems, changed their work schedules, and don't attend certain gatherings [anymore], because they are scared that somebody might find them there. We've had clients' private addresses publicized,"" he said. One plaintiff, Laila Ali, lost her job after her employer was flooded with coordinated calls and emails demanding her termination, according to the lawsuit. StopAntisemitism shared a video of her ripping down a hostage poster and subsequently thanked her employer for firing her. ""I was met with so many death threats. They were really able to corner me to such a degree that it took away my literal material means,"" the 26-year-old said. Goldstein received violent emails threatening sexual assault after Canary Mission posted a dossier highlighting their role as faculty advisor for the Students for Justice in Palestine (SJP) chapter at Loyola University Chicago. Canary Mission says SJP supports terrorism. ""[The emails were] very, very violent,"" Goldstein said. ""What these organizations put up on their websites is completely fabricated about us. They're not asking us why are you doing this? What are your reasons? They have completely condemned me."" Once considered a fringe internet behavior, doxing has evolved into a ""coordinated form of digital persecution"" and a public safety concern, according to a 2025 report:The Escalating Threats of Doxxing and Swatting. Thereport, published by the National Association of Attorneys General (NAAG), documents a significant increase in targeted campaigns against individuals based on their identity and/or ideology. Public-facing roles, like journalists, elected officials, and healthcare workers, are also targets. ""This shift signals the evolution of doxxing from isolated conduct to a more coordinated form of digital persecution,"" the report says. NAAG found that doxing tactics ""pose serious risks to physical safety, digital security, and civic participation"" and ""represent a broader digital threat paradigm where harassment, misinformation, and real-world violence intersect."" This trend has been fueled by heightened political tensions, according to the report. In 2025, this manifested through campaigns targeting people based on their opinions on Gaza, the doxing campaign against critics of Charlie Kirk following his assassination, and websites doxing ICE agents. According to the report, ""doxing tactics exploit both technological advancements and institutional vulnerabilities, enabling bad actors to target individuals with unprecedented precision and anonymity."" The Department of Homeland Security used Canary Mission to find pro-Palestinian protestors to investigate and potentially deport, according totestimonyby a senior official in federal court. Canary Missiontold Politicothat it ""had no contact with this administration or the previous administration."" Mahmoud Khalil, a prominent Palestinian activist at Columbia University, is on Canary Mission. In March 2025, DHS and ICE arrested him at his apartment and detained him for three months before a federal judge ordered his release, declaring the government's justification unconstitutional. In January 2026, an appealscourt reversedthe decision that freed Khalil, which now opens the door for his rearrest. Although Sheikali retained his job and certification, the campaign's impact is not over. ""I still get hate messages,"" he said. ""It's a very sobering thought that this many people were told that I'm antisemitic, that I'm calling for really terrible things that I would never call for."" As an independent contractor for emergency medicine, he frequently reaches out to different hospitals. ""Now I have to think, am I not getting the job because of some sort of connection to these doxing groups?"" Sheikali said. ""To expand that universally, that is the point of these doxing groups. The way they operate is to put that fear in the back of the mind of people like Sam,"" Halpern said. But for Sheikali, he said he will keep speaking up. ""Am I expected to stay silent while children who look like my own are massacred daily, as my own relatives are killed and displaced?"" he said. ""When you're a powerful organization, or when you're on the government side, you're generally not going to be the target of censorship. It's the people who really need those strong First Amendment protections. Because when you don't have power, all you have is your voice,"" Terr said. Sheikali said he won't let the campaign silence his voice. ""I refused to give in to pressure to compromise my moral stance,"" he said. The lawsuit seeks injunctive relief, damages, and a court order requiring the groups to remove the dossiers of all Illinois residents from their websites. The hearing for the plaintiffs is set for May 18, 2026. © 2026 CBS Broadcasting Inc. All Rights Reserved. ©2026 CBS Broadcasting Inc. All Rights Reserved.",https://www.cbsnews.com/chicago/news/chicago-lawsuit-stopantisemitism-canary-mission-israel-gaza/
2024-04-30,CBS News,"Updated on:  October 8, 2025 / 12:59 PM EDT/ CBS Philadelphia Tuesday evening, members of Reform Congregation Keneseth Israel in Elkins Park gathered for a ceremony of remembrance and the unveiling of a new artwork meant to honor both grief and resilience, marking two years since theOct. 7 Hamas attack in Israel. The event, led by Rabbi Benjamin David, opened with a member of the synagogue, a flautist, performing music composed by Israeli songwriter Keren Peles – a composition which reflected the pain felt throughout the Jewish community on and after Oct. 7, 2023. ""We feel the heaviness of this anniversary,"" Rabbi David said. ""We're here as well to pray for a world of greater peace."" Members of the synagogue's 2025 confirmation class joined in the service, reading passages about hope and healing before helping dedicate a new piece of art commissioned for the occasion. The memorial, created by synagogue member and artist Rob Dennis, was revealed. The piece moves from dark, shadowed tones on one side — representing the Nova Music Festival massacre — to bright, dancing butterflies on the other, symbolizing the strength and renewal of the Jewish people. ""Starting with the dread on the left-hand side of the painting, and then ending with a chance of redemption and rejoicing,"" Dennis said. Dennis said he invited the teens in the confirmation class to share their reflections on the attack to inspire the work. ""[It was] very emotional what they had to say,"" he said. One of those students, 16-year-old Bennett Goode, said he often reflects on the somber day. ""Just the tragedy of it – I try and take it with me everywhere I go,"" Goode said. Before entering the sanctuary, attendees passed posters showing images of hostages still held since the attack, which served as a visual reminder of the ongoing toll of the conflict. ""These are our brothers and sisters. And many of them are still very much in harm's way,"" Rabbi David said. ""I also carry personally with me the many, many victims in Gaza. So many of them have been touched by this gruesome war."" Rabbi David says he continues to preach a message of peace. ""For all those who treasure the human family … we pray for an end to the fighting,"" he said. ""And for us to move forward collectively."" © 2025 CBS Broadcasting Inc. All Rights Reserved. ©2026 CBS Broadcasting Inc. All Rights Reserved.",https://www.cbsnews.com/philadelphia/news/elkins-park-synagogue-oct-7-attack-israel/
2024-04-30,CBS News,"Updated on:  October 13, 2025 / 8:21 PM EDT/ CBS New York Many Jewish Americans in the New York City area stayed up all night to watch theemotional release of hostageson live television after Israel and Hamas agreed toa peace plan. At the Upper West Side JCC, New Yorkers cheered and watched a montage of some of the reunions betweenthe 20 hostagesreleased from Hamas captivity and their families Monday. The Hostage and Missing Families forum said these moments came, in part, from two years ofmarches in Central Parkand across the city. ""They didn't stop demonstrating and shouting and screaming and crying, and demanding that the world pay attention,"" Manhattan Borough President Mark Levine said. On Broadway near 76th Street, posters of the hostages now display the handwritten word ""home,"" but soon they may be taken down. ""I stayed up until 4 a.m. I saw that the hostages were moved from Hamas captivity to the Red Cross ... and I woke up at 6 a.m., 7 a.m. to just see the reunions with the families,"" Nim Shapira, director and producer of ""TORN: The Israel - Palestine Poster War on New York City Streets,"" said. Shapira, an Israeli American living in Brooklyn, has come to know the posters and several hostage families through his documentary ""TORN,"" which officially qualified for Oscar consideration. ""These 24 hours are the first time that so many of Jews around the world, Israelis and allies, have been able to breathe and put on a smile,"" Shapira said. ""It's hard to even put into words how joyous these videos are,"" Josh Kramer, director of American Jewish Committee New York, said. It'sa mix of emotions. While many are celebrating, there are also people thinking of those whose loved ones' bodies have not yet been returned. ""We have to keep in mind there are still 28 hostages' remains that are held in Gaza. We expect four to be released soon,"" Kramer said. The family of Long Island-nativeOmer Neutraflew to Israel to meet with White House officials, holding onto hope their son's body would be returned. ""This will not erase or ease the pain for the families of the thousands of Israelis who lost their lives from Oct. 7, 2023 up until now. It will not ease or erase the pain for the grieving families of the tens of thousands of Palestinians who lost their lives,"" Shapira said. ""The only way forward is coexistence."" Mark Schneider, of Kingston, New York, is the uncle of Shiri Bibas, who was kidnapped on October 7, 2023,with her two little boys, Ariel and Kfir, and later murdered by Hamas. ""I'm happy and I'm sad, and it's so difficult. I've never been in this situation,"" Schneider said. Rami Evan-Esh, of Bushwick, extended his stay in Israel, missing the Chicago Marathon,to be with families in Hostages Squarein Tel Aviv. ""In Israel, you're seeing the hostage names at a McDonald's. You're seeing them everywhere you go,"" Evan-Esh said. ""To see them fly above your head, knowing that they're right there, it's insane to experience that."" From New York to Israel, Jews say it was one of the first events that felt joyous in the last two years, but they have not forgotten those who made the ultimate sacrifice. © 2025 CBS Broadcasting Inc. All Rights Reserved. ©2026 CBS Broadcasting Inc. All Rights Reserved.",https://www.cbsnews.com/newyork/news/hostages-released-israel-hamas-peace-plan-nyc-reaction/
